varridita	varrido+A+DIM+F+SG
varriditos	varrido+A+DIM+M+PL
varridito	varrido+A+DIM+M+SG
varsovianas	varsoviano+A+F+PL
varsoviana	varsoviano+A+F+SG
varsovianos	varsoviano+A+M+PL
varsoviano	varsoviano+A+M+SG
varudas	varudo+A+F+PL
varuda	varudo+A+F+SG
varudos	varudo+A+M+PL
varudo	varudo+A+M+SG
várzea-grandenses	várzea-grandense+A+F+PL
várzea-grandenses	várzea-grandense+A+M+PL
várzea-grandense	várzea-grandense+A+F+SG
várzea-grandense	várzea-grandense+A+M+SG
varzim	varzim+A+F+SG
varzim	varzim+A+M+SG
varzinas	varzino+A+F+PL
varzina	varzino+A+F+SG
varzinenses	varzinense+A+F+PL
varzinenses	varzinense+A+M+PL
varzinense	varzinense+A+F+SG
varzinense	varzinense+A+M+SG
varzinos	varzino+A+M+PL
varzino	varzino+A+M+SG
varzins	varzim+A+F+PL
varzins	varzim+A+M+PL
vasadas	vasado+A+F+PL
vasada	vasado+A+F+SG
vasadíssimas	vasado+A+SUPER+F+PL
vasadíssima	vasado+A+SUPER+F+SG
vasadíssimos	vasado+A+SUPER+M+PL
vasadíssimo	vasado+A+SUPER+M+SG
vasados	vasado+A+M+PL
vasado	vasado+A+M+SG
vascão	vascão+A+M+SG
vascas	vasco+A+F+PL
vasca	vasco+A+F+SG
vascões	vascão+A+M+PL
vascolejadoras	vascolejador+A+F+PL
vascolejadora	vascolejador+A+F+SG
vascolejadores	vascolejador+A+M+PL
vascolejador	vascolejador+A+M+SG
vascolosas	vascoloso+A+F+PL
vascolosa	vascoloso+A+F+SG
vascolosos	vascoloso+A+M+PL
vascoloso	vascoloso+A+M+SG
vasconas	vascão+A+F+PL
vascona	vascão+A+F+SG
vasconças	vasconço+A+F+PL
vasconça	vasconço+A+F+SG
vasconços	vasconço+A+M+PL
vasconço	vasconço+A+M+SG
vascongadas	vascongado+A+F+PL
vascongada	vascongado+A+F+SG
vascongados	vascongado+A+M+PL
vascongado	vascongado+A+M+SG
vascosas	vascoso+A+F+PL
vascosa	vascoso+A+F+SG
vascosos	vascoso+A+M+PL
vascoso	vascoso+A+M+SG
vascos	vasco+A+M+PL
vasco	vasco+A+M+SG
vascular-cerebrais	vascular-cerebral+A+F+PL
vascular-cerebrais	vascular-cerebral+A+M+PL
vascular-cerebral	vascular-cerebral+A+F+SG
vascular-cerebral	vascular-cerebral+A+M+SG
vasculhadeiras	vasculhador+A+F+PL
vasculhadeira	vasculhador+A+F+SG
vasculhadoras	vasculhador+A+F+PL
vasculhadora	vasculhador+A+F+SG
vasculhadores	vasculhador+A+M+PL
vasculhador	vasculhador+A+M+SG
vasectómicas	vasectómico+A+F+PL
vasectômicas	vasectômico+A+F+PL
vasectómica	vasectómico+A+F+SG
vasectômica	vasectômico+A+F+SG
vasectómicos	vasectómico+A+M+PL
vasectômicos	vasectômico+A+M+PL
vasectómico	vasectómico+A+M+SG
vasectômico	vasectômico+A+M+SG
vaseirão	vaseirão+A+M+SG
vaseiras	vaseiro+A+F+PL
vaseira	vaseiro+A+F+SG
vaseirões	vaseirão+A+M+PL
vaseironas	vaseirão+A+F+PL
vaseirona	vaseirão+A+F+SG
vaseiros	vaseiro+A+M+PL
vaseiro	vaseiro+A+M+SG
vasentas	vasento+A+F+PL
vasenta	vasento+A+F+SG
vasentos	vasento+A+M+PL
vasento	vasento+A+M+SG
vasícolas	vasícola+A+F+PL
vasícolas	vasícola+A+M+PL
vasícola	vasícola+A+F+SG
vasícola	vasícola+A+M+SG
vasiformes	vasiforme+A+F+PL
vasiformes	vasiforme+A+M+PL
vasiforme	vasiforme+A+F+SG
vasiforme	vasiforme+A+M+SG
vasoactivas	vasoactivo+A+F+PL
vasoactiva	vasoactivo+A+F+SG
vasoactivos	vasoactivo+A+M+PL
vasoactivo	vasoactivo+A+M+SG
vasocelulares	vasocelular+A+F+PL
vasocelulares	vasocelular+A+M+PL
vasocelular	vasocelular+A+F+SG
vasocelular	vasocelular+A+M+SG
vasosas	vasoso+A+F+PL
vasosa	vasoso+A+F+SG
vasosos	vasoso+A+M+PL
vasoso	vasoso+A+M+SG
vasqueiras	vasqueiro+A+F+PL
vasqueira	vasqueiro+A+F+SG
vasqueiros	vasqueiro+A+M+PL
vasqueiro	vasqueiro+A+M+SG
vasquejantes	vasquejante+A+F+PL
vasquejantes	vasquejante+A+M+PL
vasquejante	vasquejante+A+F+SG
vasquejante	vasquejante+A+M+SG
vassalíssimas	vassalo+A+SUPER+F+PL
vassalíssima	vassalo+A+SUPER+F+SG
vassalíssimos	vassalo+A+SUPER+M+PL
vassalíssimo	vassalo+A+SUPER+M+SG
vastadoras	vastador+A+F+PL
vastadora	vastador+A+F+SG
vastadores	vastador+A+M+PL
vastador	vastador+A+M+SG
vastíssimas	vasto+A+SUPER+F+PL
vastíssima	vasto+A+SUPER+F+SG
vastíssimos	vasto+A+SUPER+M+PL
vastíssimo	vasto+A+SUPER+M+SG
vastuosas	vastuoso+A+F+PL
vastuosa	vastuoso+A+F+SG
vastuosos	vastuoso+A+M+PL
vastuoso	vastuoso+A+M+SG
vaticinadas	vaticinado+A+F+PL
vaticinada	vaticinado+A+F+SG
vaticinados	vaticinado+A+M+PL
vaticinado	vaticinado+A+M+SG
vatricosas	vatricoso+A+F+PL
vatricosa	vatricoso+A+F+SG
vatricosos	vatricoso+A+M+PL
vatricoso	vatricoso+A+M+SG
vazadas	vazado+A+F+PL
vazada	vazado+A+F+SG
vazados	vazado+A+M+PL
vazado	vazado+A+M+SG
vaziadoras	vaziador+A+F+PL
vaziadora	vaziador+A+F+SG
vaziadores	vaziador+A+M+PL
vaziador	vaziador+A+M+SG
vaziíssimas	vazio+A+SUPER+F+PL
vaziíssima	vazio+A+SUPER+F+SG
vaziíssimos	vazio+A+SUPER+M+PL
vaziíssimo	vazio+A+SUPER+M+SG
vectores	vector+A+F+PL
vectores	vector+A+M+PL
vectoriais	vectorial+A+F+PL
vectoriais	vectorial+A+M+PL
vectorial	vectorial+A+F+SG
vectorial	vectorial+A+M+SG
vector	vector+A+F+SG
vector	vector+A+M+SG
vecturião	vecturião+A+M+SG
vecturiões	vecturião+A+M+PL
vecturionas	vecturião+A+F+PL
vecturiona	vecturião+A+F+SG
vedadíssimas	vedado+A+SUPER+F+PL
vedadíssima	vedado+A+SUPER+F+SG
vedadíssimos	vedado+A+SUPER+M+PL
vedadíssimo	vedado+A+SUPER+M+SG
vedadoras	vedador+A+F+PL
vedadora	vedador+A+F+SG
vedadores	vedador+A+M+PL
vedador	vedador+A+M+SG
vedras	vedro+A+F+PL
vedra	vedro+A+F+SG
vedros	vedro+A+M+PL
vedro	vedro+A+M+SG
vegetalianas	vegetaliano+A+F+PL
vegetaliana	vegetaliano+A+F+SG
vegetalianos	vegetaliano+A+M+PL
vegetaliano	vegetaliano+A+M+SG
vegetalinas	vegetalino+A+F+PL
vegetalina	vegetalino+A+F+SG
vegetalinos	vegetalino+A+M+PL
vegetalino	vegetalino+A+M+SG
vegetalistas	vegetalista+A+F+PL
vegetalistas	vegetalista+A+M+PL
vegetalista	vegetalista+A+F+SG
vegetalista	vegetalista+A+M+SG
vegetantes	vegetante+A+F+PL
vegetantes	vegetante+A+M+PL
vegetante	vegetante+A+F+SG
vegetante	vegetante+A+M+SG
vegetaristas	vegetarista+A+F+PL
vegetaristas	vegetarista+A+M+PL
vegetarista	vegetarista+A+F+SG
vegetarista	vegetarista+A+M+SG
végetas	végeto+A+F+PL
végeta	végeto+A+F+SG
végetos	végeto+A+M+PL
végeto	végeto+A+M+SG
veiculadas	veiculado+A+F+PL
veiculada	veiculado+A+F+SG
veiculados	veiculado+A+M+PL
veiculado	veiculado+A+M+SG
veiradas	veirado+A+F+PL
veirada	veirado+A+F+SG
veirados	veirado+A+M+PL
veirado	veirado+A+M+SG
veladíssimas	velado+A+SUPER+F+PL
veladíssima	velado+A+SUPER+F+SG
veladíssimos	velado+A+SUPER+M+PL
veladíssimo	velado+A+SUPER+M+SG
velha-católica	velho-católico+A+F+SG
velhacazinhas	velhaco+A+DIM+F+PL
velhacazinha	velhaco+A+DIM+F+SG
velhacazitas	velhaco+A+DIM+F+PL
velhacazita	velhaco+A+DIM+F+SG
velhacozinhos	velhaco+A+DIM+M+PL
velhacozinho	velhaco+A+DIM+M+SG
velhacozitos	velhaco+A+DIM+M+PL
velhacozito	velhaco+A+DIM+M+SG
velhaquescas	velhaquesco+A+F+PL
velhaquesca	velhaquesco+A+F+SG
velhaquescos	velhaquesco+A+M+PL
velhaquesco	velhaquesco+A+M+SG
velhaquetes	velhaquete+A+F+PL
velhaquetes	velhaquete+A+M+PL
velhaquete	velhaquete+A+F+SG
velhaquete	velhaquete+A+M+SG
velhaquinhas	velhaco+A+DIM+F+PL
velhaquinha	velhaco+A+DIM+F+SG
velhaquinhos	velhaco+A+DIM+M+PL
velhaquinho	velhaco+A+DIM+M+SG
velhaquíssimas	velhaco+A+SUPER+F+PL
velhaquíssima	velhaco+A+SUPER+F+SG
velhaquíssimos	velhaco+A+SUPER+M+PL
velhaquíssimo	velhaco+A+SUPER+M+SG
velhaquitas	velhaco+A+DIM+F+PL
velhaquita	velhaco+A+DIM+F+SG
velhaquitos	velhaco+A+DIM+M+PL
velhaquito	velhaco+A+DIM+M+SG
velhas-católicas	velho-católico+A+F+PL
velhíssimas	velho+A+SUPER+F+PL
velhíssima	velho+A+SUPER+F+SG
velhíssimos	velho+A+SUPER+M+PL
velhíssimo	velho+A+SUPER+M+SG
velhitas	velho+A+DIM+F+PL
velhita	velho+A+DIM+F+SG
velhitos	velho+A+DIM+M+PL
velhito	velho+A+DIM+M+SG
velho-católico	velho-católico+A+M+SG
velhoris	velhori+A+F+PL
velhoris	velhori+A+M+PL
velhori	velhori+A+F+SG
velhori	velhori+A+M+SG
velhorras	velhorro+A+F+PL
velhorra	velhorro+A+F+SG
velhorros	velhorro+A+M+PL
velhorro	velhorro+A+M+SG
velhos-católicos	velho-católico+A+M+PL
velhotes	velhote+A+F+PL
velhotes	velhote+A+M+PL
velhote	velhote+A+F+SG
velhote	velhote+A+M+SG
velhustras	velhustro+A+F+PL
velhustra	velhustro+A+F+SG
velhustros	velhustro+A+M+PL
velhustro	velhustro+A+M+SG
velíferas	velífero+A+F+PL
velífera	velífero+A+F+SG
velíferos	velífero+A+M+PL
velífero	velífero+A+M+SG
veliformes	veliforme+A+F+PL
veliformes	veliforme+A+M+PL
veliforme	veliforme+A+F+SG
veliforme	veliforme+A+M+SG
velígeras	velígero+A+F+PL
velígera	velígero+A+F+SG
velígeros	velígero+A+M+PL
velígero	velígero+A+M+SG
velívagas	velívago+A+F+PL
velívaga	velívago+A+F+SG
velívagos	velívago+A+M+PL
velívago	velívago+A+M+SG
velívolas	velívolo+A+F+PL
velívola	velívolo+A+F+SG
velívolos	velívolo+A+M+PL
velívolo	velívolo+A+M+SG
velocipedistas	velocipedista+A+F+PL
velocipedistas	velocipedista+A+M+PL
velocipedista	velocipedista+A+F+SG
velocipedista	velocipedista+A+M+SG
velocíssimas	veloz+A+SUPER+F+PL
velocíssima	veloz+A+SUPER+F+SG
velocíssimos	veloz+A+SUPER+M+PL
velocíssimo	veloz+A+SUPER+M+SG
velosas	veloso+A+F+PL
velosa	veloso+A+F+SG
velosos	veloso+A+M+PL
veloso	veloso+A+M+SG
veludinhas	veludo+A+DIM+F+PL
veludinha	veludo+A+DIM+F+SG
veludíssimas	veludo+A+SUPER+F+PL
veludíssima	veludo+A+SUPER+F+SG
veludíssimos	veludo+A+SUPER+M+PL
veludíssimo	veludo+A+SUPER+M+SG
veluditas	veludo+A+DIM+F+PL
veludita	veludo+A+DIM+F+SG
veluditos	veludo+A+DIM+M+PL
veludito	veludo+A+DIM+M+SG
venadas	venado+A+F+PL
venada	venado+A+F+SG
venados	venado+A+M+PL
venado	venado+A+M+SG
venâncio-airenses	venâncio-airense+A+F+PL
venâncio-airenses	venâncio-airense+A+M+PL
venâncio-airense	venâncio-airense+A+F+SG
venâncio-airense	venâncio-airense+A+M+SG
vencidíssimas	vencido+A+SUPER+F+PL
vencidíssima	vencido+A+SUPER+F+SG
vencidíssimos	vencido+A+SUPER+M+PL
vencidíssimo	vencido+A+SUPER+M+SG
venda-florenses	venda-florense+A+F+PL
venda-florenses	venda-florense+A+M+PL
venda-florense	venda-florense+A+F+SG
venda-florense	venda-florense+A+M+SG
vendedorazinhas	vendedor+A+DIM+F+PL
vendedorazinha	vendedor+A+DIM+F+SG
vendedorazitas	vendedor+A+DIM+F+PL
vendedorazita	vendedor+A+DIM+F+SG
vendedorzinhos	vendedor+A+DIM+M+PL
vendedorzinho	vendedor+A+DIM+M+SG
vendedorzitos	vendedor+A+DIM+M+PL
vendedorzito	vendedor+A+DIM+M+SG
vendedouras	vendedouro+A+F+PL
vendedoura	vendedouro+A+F+SG
vendedouros	vendedouro+A+M+PL
vendedouro	vendedouro+A+M+SG
vendidíssimas	vendido+A+SUPER+F+PL
vendidíssima	vendido+A+SUPER+F+SG
vendidíssimos	vendido+A+SUPER+M+PL
vendidíssimo	vendido+A+SUPER+M+SG
vénedas	vénedo+A+F+PL
vênedas	vênedo+A+F+PL
véneda	vénedo+A+F+SG
vêneda	vênedo+A+F+SG
vénedos	vénedo+A+M+PL
vênedos	vênedo+A+M+PL
vénedo	vénedo+A+M+SG
vênedo	vênedo+A+M+SG
veneníparas	veneníparo+A+F+PL
venenípara	veneníparo+A+F+SG
veneníparos	veneníparo+A+M+PL
veneníparo	veneníparo+A+M+SG
venerabilíssimas	venerável+A+SUPER+F+PL
venerabilíssima	venerável+A+SUPER+F+SG
venerabilíssimos	venerável+A+SUPER+M+PL
venerabilíssimo	venerável+A+SUPER+M+SG
veneradíssimas	venerado+A+SUPER+F+PL
veneradíssima	venerado+A+SUPER+F+SG
veneradíssimos	venerado+A+SUPER+M+PL
veneradíssimo	venerado+A+SUPER+M+SG
venerandíssimas	venerando+A+SUPER+F+PL
venerandíssima	venerando+A+SUPER+F+SG
venerandíssimos	venerando+A+SUPER+M+PL
venerandíssimo	venerando+A+SUPER+M+SG
véneras	vénero+A+F+PL
vêneras	vênero+A+F+PL
vénera	vénero+A+F+SG
vênera	vênero+A+F+SG
véneros	vénero+A+M+PL
vêneros	vênero+A+M+PL
vénero	vénero+A+M+SG
vênero	vênero+A+M+SG
vénetas	véneto+A+F+PL
vênetas	vêneto+A+F+PL
véneta	véneto+A+F+SG
vêneta	vêneto+A+F+SG
vénetos	véneto+A+M+PL
vênetos	vêneto+A+M+PL
véneto	véneto+A+M+SG
vêneto	vêneto+A+M+SG
venífluas	venífluo+A+F+PL
veníflua	venífluo+A+F+SG
venífluos	venífluo+A+M+PL
venífluo	venífluo+A+M+SG
ventígenas	ventígeno+A+F+PL
ventígena	ventígeno+A+F+SG
ventígenos	ventígeno+A+M+PL
ventígeno	ventígeno+A+M+SG
ventilativas	ventilativo+A+F+PL
ventilativa	ventilativo+A+F+SG
ventilativos	ventilativo+A+M+PL
ventilativo	ventilativo+A+M+SG
ventrilavadas	ventrilavado+A+F+PL
ventrilavada	ventrilavado+A+F+SG
ventrilavados	ventrilavado+A+M+PL
ventrilavado	ventrilavado+A+M+SG
ventripotentes	ventripotente+A+F+PL
ventripotentes	ventripotente+A+M+PL
ventripotente	ventripotente+A+F+SG
ventripotente	ventripotente+A+M+SG
venuladas	venulado+A+F+PL
venulada	venulado+A+F+SG
venulados	venulado+A+M+PL
venulado	venulado+A+M+SG
venusinas	venusino+A+F+PL
venusina	venusino+A+F+SG
venusinos	venusino+A+M+PL
venusino	venusino+A+M+SG
venustas	venusto+A+F+PL
venusta	venusto+A+F+SG
venustos	venusto+A+M+PL
venusto	venusto+A+M+SG
veracíssimas	veraz+A+SUPER+F+PL
veracíssima	veraz+A+SUPER+F+SG
veracíssimos	veraz+A+SUPER+M+PL
veracíssimo	veraz+A+SUPER+M+SG
vera-cruzenses	vera-cruzense+A+F+PL
vera-cruzenses	vera-cruzense+A+M+PL
vera-cruzense	vera-cruzense+A+F+SG
vera-cruzense	vera-cruzense+A+M+SG
veranegas	veranego+A+F+PL
veranega	veranego+A+F+SG
veranegos	veranego+A+M+PL
veranego	veranego+A+M+SG
veras	vero+A+F+PL
verátricas	verátrico+A+F+PL
verátrica	verátrico+A+F+SG
verátricos	verátrico+A+M+PL
verátrico	verátrico+A+M+SG
vera	vero+A+F+SG
verbalíssimas	verbal+A+SUPER+F+PL
verbalíssima	verbal+A+SUPER+F+SG
verbalíssimos	verbal+A+SUPER+M+PL
verbalíssimo	verbal+A+SUPER+M+SG
verbalistas	verbalista+A+F+PL
verbalistas	verbalista+A+M+PL
verbalista	verbalista+A+F+SG
verbalista	verbalista+A+M+SG
verbalizadas	verbalizado+A+F+PL
verbalizada	verbalizado+A+F+SG
verbalizados	verbalizado+A+M+PL
verbalizado	verbalizado+A+M+SG
verbalizáveis	verbalizável+A+F+PL
verbalizáveis	verbalizável+A+M+PL
verbalizável	verbalizável+A+F+SG
verbalizável	verbalizável+A+M+SG
verberadas	verberado+A+F+PL
verberada	verberado+A+F+SG
verberadoras	verberador+A+F+PL
verberadora	verberador+A+F+SG
verberadores	verberador+A+M+PL
verberador	verberador+A+M+SG
verberados	verberado+A+M+PL
verberado	verberado+A+M+SG
verberantes	verberante+A+F+PL
verberantes	verberante+A+M+PL
verberante	verberante+A+F+SG
verberante	verberante+A+M+SG
verberativas	verberativo+A+F+PL
verberativa	verberativo+A+F+SG
verberativos	verberativo+A+M+PL
verberativo	verberativo+A+M+SG
verbis	verbis+A+F+PL
verbis	verbis+A+F+SG
verbis	verbis+A+M+PL
verbis	verbis+A+M+SG
verbómacas	verbómaco+A+F+PL
verbómaca	verbómaco+A+F+SG
verbómacos	verbómaco+A+M+PL
verbómaco	verbómaco+A+M+SG
verbómanas	verbómano+A+F+PL
verbômanas	verbômano+A+F+PL
verbómana	verbómano+A+F+SG
verbômana	verbômano+A+F+SG
verbomaníacas	verbomaníaco+A+F+PL
verbomaníaca	verbomaníaco+A+F+SG
verbomaníacos	verbomaníaco+A+M+PL
verbomaníaco	verbomaníaco+A+M+SG
verbómanos	verbómano+A+M+PL
verbômanos	verbômano+A+M+PL
verbómano	verbómano+A+M+SG
verbômano	verbômano+A+M+SG
verbo-nominal	verbo-nominal+A+F+SG
verbo-nominal	verbo-nominal+A+M+SG
verborreicas	verborreico+A+F+PL
verborreica	verborreico+A+F+SG
verborreicos	verborreico+A+M+PL
verborreico	verborreico+A+M+SG
verbosíssimas	verboso+A+SUPER+F+PL
verbosíssima	verboso+A+SUPER+F+SG
verbosíssimos	verboso+A+SUPER+M+PL
verbosíssimo	verboso+A+SUPER+M+SG
verdachas	verdacho+A+F+PL
verdacha	verdacho+A+F+SG
verdachos	verdacho+A+M+PL
verdacho	verdacho+A+M+SG
verdascas	verdasco+A+F+PL
verdasca	verdasco+A+F+SG
verdascos	verdasco+A+M+PL
verdasco	verdasco+A+M+SG
verdastas	verdasto+A+F+PL
verdasta	verdasto+A+F+SG
verdastos	verdasto+A+M+PL
verdasto	verdasto+A+M+SG
verde-abacate	verde-abacate+A+F+PL
verde-abacate	verde-abacate+A+F+SG
verde-abacate	verde-abacate+A+M+PL
verde-abacate	verde-abacate+A+M+SG
verde-água	verde-água+A+F+PL
verde-água	verde-água+A+F+SG
verde-água	verde-água+A+M+PL
verde-água	verde-água+A+M+SG
verdeais	verdeal+A+F+PL
verdeais	verdeal+A+M+PL
verde-alface	verde-alface+A+F+PL
verde-alface	verde-alface+A+F+SG
verde-alface	verde-alface+A+M+PL
verde-alface	verde-alface+A+M+SG
verdeal	verdeal+A+F+SG
verdeal	verdeal+A+M+SG
verde-amarelas	verde-amarelo+A+F+PL
verde-amarela	verde-amarelo+A+F+SG
verde-amarelos	verde-amarelo+A+M+PL
verde-amarelo	verde-amarelo+A+M+SG
verde-azeitona	verde-azeitona+A+F+PL
verde-azeitona	verde-azeitona+A+F+SG
verde-azeitona	verde-azeitona+A+M+PL
verde-azeitona	verde-azeitona+A+M+SG
verde-brancas	verde-branco+A+F+PL
verde-branca	verde-branco+A+F+SG
verde-brancos	verde-branco+A+M+PL
verde-branco	verde-branco+A+M+SG
verde-claras	verde-claro+A+F+PL
verde-clara	verde-claro+A+F+SG
verde-claros	verde-claro+A+M+PL
verde-claro	verde-claro+A+M+SG
verde-escuras	verde-escuro+A+F+PL
verde-escura	verde-escuro+A+F+SG
verde-escuros	verde-escuro+A+M+PL
verde-escuro	verde-escuro+A+M+SG
verde-esmeralda	verde-esmeralda+A+F+PL
verde-esmeralda	verde-esmeralda+A+F+SG
verde-esmeralda	verde-esmeralda+A+M+PL
verde-esmeralda	verde-esmeralda+A+M+SG
verde-garrafa	verde-garrafa+A+F+PL
verde-garrafa	verde-garrafa+A+F+SG
verde-garrafa	verde-garrafa+A+M+PL
verde-garrafa	verde-garrafa+A+M+SG
verde-mar	verde-mar+A+F+PL
verde-mar	verde-mar+A+F+SG
verde-mar	verde-mar+A+M+PL
verde-mar	verde-mar+A+M+SG
verde-musgo	verde-musgo+A+F+PL
verde-musgo	verde-musgo+A+F+SG
verde-musgo	verde-musgo+A+M+PL
verde-musgo	verde-musgo+A+M+SG
verdenegras	verdenegro+A+F+PL
verdenegra	verdenegro+A+F+SG
verdenegros	verdenegro+A+M+PL
verdenegro	verdenegro+A+M+SG
verde-oliva	verde-oliva+A+F+PL
verde-oliva	verde-oliva+A+F+SG
verde-oliva	verde-oliva+A+M+PL
verde-oliva	verde-oliva+A+M+SG
verde-piscina	verde-piscina+A+F+PL
verde-piscina	verde-piscina+A+F+SG
verde-piscina	verde-piscina+A+M+PL
verde-piscina	verde-piscina+A+M+SG
verde-rubro	verde-rubro+A+F+PL
verde-rubro	verde-rubro+A+F+SG
verde-rubro	verde-rubro+A+M+PL
verde-rubro	verde-rubro+A+M+SG
verde-secas	verde-seco+A+F+PL
verde-seca	verde-seco+A+F+SG
verde-secos	verde-seco+A+M+PL
verde-seco	verde-seco+A+M+SG
verde-vermelhas	verde-vermelho+A+F+PL
verde-vermelha	verde-vermelho+A+F+SG
verde-vermelhos	verde-vermelho+A+M+PL
verde-vermelho	verde-vermelho+A+M+SG
verdinhas	verde+A+DIM+F+PL
verdinha	verde+A+DIM+F+SG
verdinhos	verde+A+DIM+M+PL
verdinho	verde+A+DIM+M+SG
verdissecas	verdisseco+A+F+PL
verdisseca	verdisseco+A+F+SG
verdissecos	verdisseco+A+M+PL
verdisseco	verdisseco+A+M+SG
verdíssimas	verde+A+SUPER+F+PL
verdíssima	verde+A+SUPER+F+SG
verdíssimos	verde+A+SUPER+M+PL
verdíssimo	verde+A+SUPER+M+SG
verditas	verde+A+DIM+F+PL
verdita	verde+A+DIM+F+SG
verditos	verde+A+DIM+M+PL
verdito	verde+A+DIM+M+SG
verdotes	verdote+A+F+PL
verdotes	verdote+A+M+PL
verdote	verdote+A+F+SG
verdote	verdote+A+M+SG
vereadoras-substitutas	vereador-substituto+A+F+PL
vereadora-substituta	vereador-substituto+A+F+SG
vereadores-substitutos	vereador-substituto+A+M+PL
vereador-substituto	vereador-substituto+A+M+SG
vergadiças	vergadiço+A+F+PL
vergadiça	vergadiço+A+F+SG
vergadiços	vergadiço+A+M+PL
vergadiço	vergadiço+A+M+SG
vergadíssimas	vergado+A+SUPER+F+PL
vergadíssima	vergado+A+SUPER+F+SG
vergadíssimos	vergado+A+SUPER+M+PL
vergadíssimo	vergado+A+SUPER+M+SG
vergonteadas	vergonteado+A+F+PL
vergonteada	vergonteado+A+F+SG
vergonteados	vergonteado+A+M+PL
vergonteado	vergonteado+A+M+SG
vergueiras	vergueiro+A+F+PL
vergueira	vergueiro+A+F+SG
verguias	verguio+A+F+PL
verguia	verguio+A+F+SG
verguios	verguio+A+M+PL
verguio	verguio+A+M+SG
verificadas	verificado+A+F+PL
verificada	verificado+A+F+SG
verificados	verificado+A+M+PL
verificado	verificado+A+M+SG
verificativas	verificativo+A+F+PL
verificativa	verificativo+A+F+SG
verificativos	verificativo+A+M+PL
verificativo	verificativo+A+M+SG
verissímeis	verissímil+A+F+PL
verissímeis	verissímil+A+M+PL
verissímil	verissímil+A+F+SG
verissímil	verissímil+A+M+SG
vermelhaças	vermelho+A+AUG+F+PL
vermelhaça	vermelho+A+AUG+F+SG
vermelhaços	vermelho+A+AUG+M+PL
vermelhaço	vermelho+A+AUG+M+SG
vermelhíssimas	vermelho+A+SUPER+F+PL
vermelhíssima	vermelho+A+SUPER+F+SG
vermelhíssimos	vermelho+A+SUPER+M+PL
vermelhíssimo	vermelho+A+SUPER+M+SG
vermelhitas	vermelho+A+DIM+F+PL
vermelhita	vermelho+A+DIM+F+SG
vermelhitos	vermelho+A+DIM+M+PL
vermelhito	vermelho+A+DIM+M+SG
vermelho-sangue	vermelho-sangue+A+F+PL
vermelho-sangue	vermelho-sangue+A+F+SG
vermelho-sangue	vermelho-sangue+A+M+PL
vermelho-sangue	vermelho-sangue+A+M+SG
vermelhosas	vermelhoso+A+F+PL
vermelhosa	vermelhoso+A+F+SG
vermelhosos	vermelhoso+A+M+PL
vermelhoso	vermelhoso+A+M+SG
vermelho-verde	vermelho-verde+A+F+PL
vermelho-verde	vermelho-verde+A+F+SG
vermelho-verde	vermelho-verde+A+M+PL
vermelho-verde	vermelho-verde+A+M+SG
vermelhuças	vermelhuço+A+F+PL
vermelhuça	vermelhuço+A+F+SG
vermelhuços	vermelhuço+A+M+PL
vermelhuço	vermelhuço+A+M+SG
vérmicas	vérmico+A+F+PL
vérmica	vérmico+A+F+SG
vérmicos	vérmico+A+M+PL
vérmico	vérmico+A+M+SG
vermiculadas	vermiculado+A+F+PL
vermiculada	vermiculado+A+F+SG
vermiculados	vermiculado+A+M+PL
vermiculado	vermiculado+A+M+SG
vermiculosas	vermiculoso+A+F+PL
vermiculosa	vermiculoso+A+F+SG
vermiculosos	vermiculoso+A+M+PL
vermiculoso	vermiculoso+A+M+SG
vermilingues	vermilíngue+A+F+PL
vermilíngues	vermilíngue+A+F+PL
vermilingues	vermilíngue+A+M+PL
vermilíngues	vermilíngue+A+M+PL
vermilingue	vermilíngue+A+F+SG
vermilíngue	vermilíngue+A+F+SG
vermilingue	vermilíngue+A+M+SG
vermilíngue	vermilíngue+A+M+SG
verminadas	verminado+A+F+PL
verminada	verminado+A+F+SG
verminados	verminado+A+M+PL
verminado	verminado+A+M+SG
verminais	verminal+A+F+PL
verminais	verminal+A+M+PL
verminal	verminal+A+F+SG
verminal	verminal+A+M+SG
verminosas	verminoso+A+F+PL
verminosa	verminoso+A+F+SG
verminosos	verminoso+A+M+PL
verminoso	verminoso+A+M+SG
vermívoras	vermívoro+A+F+PL
vermívora	vermívoro+A+F+SG
vermívoros	vermívoro+A+M+PL
vermívoro	vermívoro+A+M+SG
vernaculares	vernacular+A+F+PL
vernaculares	vernacular+A+M+PL
vernacular	vernacular+A+F+SG
vernacular	vernacular+A+M+SG
vernicíferas	vernicífero+A+F+PL
vernicífera	vernicífero+A+F+SG
vernicíferos	vernicífero+A+M+PL
vernicífero	vernicífero+A+M+SG
vernícomas	vernícomo+A+F+PL
vernícoma	vernícomo+A+F+SG
vernícomos	vernícomo+A+M+PL
vernícomo	vernícomo+A+M+SG
veronesas	veronês+A+F+PL
veronesa	veronês+A+F+SG
veroneses	veronês+A+M+PL
veronês	veronês+A+M+SG
verosímeis	verosímil+A+F+PL
verosímeis	verosímil+A+M+PL
verosimilhantes	verosimilhante+A+F+PL
verosimilhantes	verosimilhante+A+M+PL
verosimilhante	verosimilhante+A+F+SG
verosimilhante	verosimilhante+A+M+SG
verosímil	verosímil+A+F+SG
verosímil	verosímil+A+M+SG
verriculadas	verriculado+A+F+PL
verriculada	verriculado+A+F+SG
verriculados	verriculado+A+M+PL
verriculado	verriculado+A+M+SG
verrinárias	verrinário+A+F+PL
verrinária	verrinário+A+F+SG
verrinários	verrinário+A+M+PL
verrinário	verrinário+A+M+SG
verrineiras	verrineiro+A+F+PL
verrineira	verrineiro+A+F+SG
verrineiros	verrineiro+A+M+PL
verrineiro	verrineiro+A+M+SG
verrinosas	verrinoso+A+F+PL
verrinosa	verrinoso+A+F+SG
verrinosos	verrinoso+A+M+PL
verrinoso	verrinoso+A+M+SG
verrucais	verrucal+A+F+PL
verrucais	verrucal+A+M+PL
verrucal	verrucal+A+F+SG
verrucal	verrucal+A+M+SG
verrucíferas	verrucífero+A+F+PL
verrucífera	verrucífero+A+F+SG
verrucíferos	verrucífero+A+M+PL
verrucífero	verrucífero+A+M+SG
verruciformes	verruciforme+A+F+PL
verruciformes	verruciforme+A+M+PL
verruciforme	verruciforme+A+F+SG
verruciforme	verruciforme+A+M+SG
versadíssimas	versado+A+SUPER+F+PL
versadíssima	versado+A+SUPER+F+SG
versadíssimos	versado+A+SUPER+M+PL
versadíssimo	versado+A+SUPER+M+SG
versicoloras	versicolor+A+F+PL
versicolora	versicolor+A+F+SG
versicoradas	versicorado+A+F+PL
versicorada	versicorado+A+F+SG
versicorados	versicorado+A+M+PL
versicorado	versicorado+A+M+SG
versíferas	versífero+A+F+PL
versífera	versífero+A+F+SG
versíferos	versífero+A+M+PL
versífero	versífero+A+M+SG
versíficas	versífico+A+F+PL
versífica	versífico+A+F+SG
versíficos	versífico+A+M+PL
versífico	versífico+A+M+SG
versilibristas	versilibrista+A+F+PL
versilibristas	versilibrista+A+M+PL
versilibrista	versilibrista+A+F+SG
versilibrista	versilibrista+A+M+SG
vertebrocostais	vertebrocostal+A+F+PL
vertebrocostais	vertebrocostal+A+M+PL
vertebrocostal	vertebrocostal+A+F+SG
vertebrocostal	vertebrocostal+A+M+SG
vertebroilíacas	vertebroilíaco+A+F+PL
vertebroilíaca	vertebroilíaco+A+F+SG
vertebroilíacos	vertebroilíaco+A+M+PL
vertebroilíaco	vertebroilíaco+A+M+SG
vértebro-medulares	vértebro-medular+A+F+PL
vértebro-medulares	vértebro-medular+A+M+PL
vértebro-medular	vértebro-medular+A+F+SG
vértebro-medular	vértebro-medular+A+M+SG
verticalíssimas	vertical+A+SUPER+F+PL
verticalíssima	vertical+A+SUPER+F+SG
verticalíssimos	vertical+A+SUPER+M+PL
verticalíssimo	vertical+A+SUPER+M+SG
verticiladas	verticilado+A+F+PL
verticilada	verticilado+A+F+SG
verticilados	verticilado+A+M+PL
verticilado	verticilado+A+M+SG
verticilifloras	verticilifloro+A+F+PL
verticiliflora	verticilifloro+A+F+SG
verticilifloros	verticilifloro+A+M+PL
verticilifloro	verticilifloro+A+M+SG
very-light	very-light+A+F+PL
very-light	very-light+A+F+SG
very-light	very-light+A+M+PL
very-light	very-light+A+M+SG
vesânicas	vesânico+A+F+PL
vesânica	vesânico+A+F+SG
vesânicos	vesânico+A+M+PL
vesânico	vesânico+A+M+SG
vescas	vesco+A+F+PL
vesca	vesco+A+F+SG
vescos	vesco+A+M+PL
vesco	vesco+A+M+SG
vesgueiras	vesgueiro+A+F+PL
vesgueira	vesgueiro+A+F+SG
vesgueiros	vesgueiro+A+M+PL
vesgueiro	vesgueiro+A+M+SG
vesguíssimas	vesgo+A+SUPER+F+PL
vesguíssima	vesgo+A+SUPER+F+SG
vesguíssimos	vesgo+A+SUPER+M+PL
vesguíssimo	vesgo+A+SUPER+M+SG
vesicantes	vesicante+A+F+PL
vesicantes	vesicante+A+M+PL
vesicante	vesicante+A+F+SG
vesicante	vesicante+A+M+SG
vesicatórias	vesicatório+A+F+PL
vesicatória	vesicatório+A+F+SG
vesicatórios	vesicatório+A+M+PL
vesicatório	vesicatório+A+M+SG
vesicorrectais	vesicorrectal+A+F+PL
vesicorrectais	vesicorrectal+A+M+PL
vesicorrectal	vesicorrectal+A+F+SG
vesicorrectal	vesicorrectal+A+M+SG
vesicorretais	vesicorretal+A+F+PL
vesicorretais	vesicorretal+A+M+PL
vesicorretal	vesicorretal+A+F+SG
vesicorretal	vesicorretal+A+M+SG
vesicovaginais	vesicovaginal+A+F+PL
vesicovaginais	vesicovaginal+A+M+PL
vesicovaginal	vesicovaginal+A+F+SG
vesicovaginal	vesicovaginal+A+M+SG
vesiculíferas	vesiculífero+A+F+PL
vesiculífera	vesiculífero+A+F+SG
vesiculíferos	vesiculífero+A+M+PL
vesiculífero	vesiculífero+A+M+SG
vesiculiformes	vesiculiforme+A+F+PL
vesiculiformes	vesiculiforme+A+M+PL
vesiculiforme	vesiculiforme+A+F+SG
vesiculiforme	vesiculiforme+A+M+SG
vesiculosas	vesiculoso+A+F+PL
vesiculosa	vesiculoso+A+F+SG
vesiculosos	vesiculoso+A+M+PL
vesiculoso	vesiculoso+A+M+SG
vespilheiras	vespilheiro+A+F+PL
vespilheira	vespilheiro+A+F+SG
vespilheiros	vespilheiro+A+M+PL
vespilheiro	vespilheiro+A+M+SG
vestidinhas	vestido+A+DIM+F+PL
vestidinha	vestido+A+DIM+F+SG
vestidíssimas	vestido+A+SUPER+F+PL
vestidíssima	vestido+A+SUPER+F+SG
vestidíssimos	vestido+A+SUPER+M+PL
vestidíssimo	vestido+A+SUPER+M+SG
vestiditas	vestido+A+DIM+F+PL
vestidita	vestido+A+DIM+F+SG
vestiditos	vestido+A+DIM+M+PL
vestidito	vestido+A+DIM+M+SG
vestíveis	vestível+A+F+PL
vestíveis	vestível+A+M+PL
vestível	vestível+A+F+SG
vestível	vestível+A+M+SG
vestustas	vestusto+A+F+PL
vestusta	vestusto+A+F+SG
vestustos	vestusto+A+M+PL
vestusto	vestusto+A+M+SG
vetadas	vetado+A+F+PL
vetada	vetado+A+F+SG
vetados	vetado+A+M+PL
vetado	vetado+A+M+SG
veteraníssimas	veterano+A+SUPER+F+PL
veteraníssima	veterano+A+SUPER+F+SG
veteraníssimos	veterano+A+SUPER+M+PL
veteraníssimo	veterano+A+SUPER+M+SG
vetérrimas	vetérrimo+A+F+PL
vetérrima	vetérrimo+A+F+SG
vetérrimos	vetérrimo+A+M+PL
vetérrimo	vetérrimo+A+M+SG
vexadíssimas	vexado+A+SUPER+F+PL
vexadíssima	vexado+A+SUPER+F+SG
vexadíssimos	vexado+A+SUPER+M+PL
vexadíssimo	vexado+A+SUPER+M+SG
vexadoras	vexador+A+F+PL
vexadora	vexador+A+F+SG
vexadores	vexador+A+M+PL
vexador	vexador+A+M+SG
vexilares	vexilar+A+F+PL
vexilares	vexilar+A+M+PL
vexilar	vexilar+A+F+SG
vexilar	vexilar+A+M+SG
viabilizadas	viabilizado+A+F+PL
viabilizada	viabilizado+A+F+SG
viabilizados	viabilizado+A+M+PL
viabilizado	viabilizado+A+M+SG
viais	vial+A+F+PL
viais	vial+A+M+PL
viajadas	viajado+A+F+PL
viajada	viajado+A+F+SG
viajados	viajado+A+M+PL
viajado	viajado+A+M+SG
viajoras	viajor+A+F+PL
viajora	viajor+A+F+SG
viajores	viajor+A+M+PL
viajor	viajor+A+M+SG
vial	vial+A+F+SG
vial	vial+A+M+SG
viandantees	viandante+A+F+PL
viandantees	viandante+A+M+PL
viandeiras	viandeiro+A+F+PL
viandeira	viandeiro+A+F+SG
viandeiros	viandeiro+A+M+PL
viandeiro	viandeiro+A+M+SG
vianensees	vianense+A+F+PL
vianensees	vianense+A+M+PL
vianesas	vianês+A+F+PL
vianesa	vianês+A+F+SG
vianeses	vianês+A+M+PL
vianês	vianês+A+M+SG
via-satélite	via-satélite+A+F+PL
via-satélite	via-satélite+A+F+SG
via-satélite	via-satélite+A+M+PL
via-satélite	via-satélite+A+M+SG
viatórias	viatório+A+F+PL
viatória	viatório+A+F+SG
viatórios	viatório+A+M+PL
viatório	viatório+A+M+SG
vicariais	vicarial+A+F+PL
vicariais	vicarial+A+M+PL
vicarial	vicarial+A+F+SG
vicarial	vicarial+A+M+SG
vicenais	vicenal+A+F+PL
vicenais	vicenal+A+M+PL
vicenal	vicenal+A+F+SG
vicenal	vicenal+A+M+SG
vicendas	vicendo+A+F+PL
vicenda	vicendo+A+F+SG
vicendos	vicendo+A+M+PL
vicendo	vicendo+A+M+SG
vicentistas	vicentista+A+F+PL
vicentistas	vicentista+A+M+PL
vicentista	vicentista+A+F+SG
vicentista	vicentista+A+M+SG
vicesimais	vicesimal+A+F+PL
vicesimais	vicesimal+A+M+PL
vicesimal	vicesimal+A+F+SG
vicesimal	vicesimal+A+M+SG
vicésimas	vicésimo+A+F+PL
vicésima	vicésimo+A+F+SG
vicésimos	vicésimo+A+M+PL
vicésimo	vicésimo+A+M+SG
vice	vice+A+F+PL
vice	vice+A+F+SG
vice	vice+A+M+PL
vice	vice+A+M+SG
viçosíssimas	viçoso+A+SUPER+F+PL
viçosíssima	viçoso+A+SUPER+F+SG
viçosíssimos	viçoso+A+SUPER+M+PL
viçosíssimo	viçoso+A+SUPER+M+SG
victrices	victrice+A+F+PL
victrices	victrice+A+M+PL
victrice	victrice+A+F+SG
victrice	victrice+A+M+SG
videirinhas	videirinho+A+F+PL
videirinha	videirinho+A+F+SG
videirinhos	videirinho+A+M+PL
videirinho	videirinho+A+M+SG
videográficas	videográfico+A+F+PL
videográfica	videográfico+A+F+SG
videográficos	videográfico+A+M+PL
videográfico	videográfico+A+M+SG
vidracentas	vidracento+A+F+PL
vidracenta	vidracento+A+F+SG
vidracentos	vidracento+A+M+PL
vidracento	vidracento+A+M+SG
vidrentas	vidrento+A+F+PL
vidrenta	vidrento+A+F+SG
vidrentos	vidrento+A+M+PL
vidrento	vidrento+A+M+SG
vidrinas	vidrino+A+F+PL
vidrina	vidrino+A+F+SG
vidrinos	vidrino+A+M+PL
vidrino	vidrino+A+M+SG
vidrosas	vidroso+A+F+PL
vidrosa	vidroso+A+F+SG
vidrosos	vidroso+A+M+PL
vidroso	vidroso+A+M+SG
viduais	vidual+A+F+PL
viduais	vidual+A+M+PL
vidual	vidual+A+F+SG
vidual	vidual+A+M+SG
vigarizadas	vigarizado+A+F+PL
vigarizada	vigarizado+A+F+SG
vigarizados	vigarizado+A+M+PL
vigarizado	vigarizado+A+M+SG
vigentíssimas	vigente+A+SUPER+F+PL
vigentíssima	vigente+A+SUPER+F+SG
vigentíssimos	vigente+A+SUPER+M+PL
vigentíssimo	vigente+A+SUPER+M+SG
vigiadas	vigiado+A+F+PL
vigiada	vigiado+A+F+SG
vigiados	vigiado+A+M+PL
vigiado	vigiado+A+M+SG
vigiantes	vigiante+A+F+PL
vigiantes	vigiante+A+M+PL
vigiante	vigiante+A+F+SG
vigiante	vigiante+A+M+SG
vigiladoras	vigilador+A+F+PL
vigiladora	vigilador+A+F+SG
vigiladores	vigilador+A+M+PL
vigilador	vigilador+A+M+SG
vigilâmbulas	vigilâmbulo+A+F+PL
vigilâmbula	vigilâmbulo+A+F+SG
vigilâmbulos	vigilâmbulo+A+M+PL
vigilâmbulo	vigilâmbulo+A+M+SG
vígil	vígil+A+F+SG
vígil	vígil+A+M+SG
vígis	vígil+A+F+PL
vígis	vígil+A+M+PL
vigorosíssimas	vigoroso+A+SUPER+F+PL
vigorosíssima	vigoroso+A+SUPER+F+SG
vigorosíssimos	vigoroso+A+SUPER+M+PL
vigorosíssimo	vigoroso+A+SUPER+M+SG
vila-condenses	vila-condense+A+F+PL
vilacondenses	vilacondense+A+F+PL
vila-condenses	vila-condense+A+M+PL
vilacondenses	vilacondense+A+M+PL
vila-condense	vila-condense+A+F+SG
vilacondense	vilacondense+A+F+SG
vila-condense	vila-condense+A+M+SG
vilacondense	vilacondense+A+M+SG
vila-franquenses	vila-franquense+A+F+PL
vilafranquenses	vilafranquense+A+F+PL
vila-franquenses	vila-franquense+A+M+PL
vilafranquenses	vilafranquense+A+M+PL
vila-franquense	vila-franquense+A+F+SG
vilafranquense	vilafranquense+A+F+SG
vila-franquense	vila-franquense+A+M+SG
vilafranquense	vilafranquense+A+M+SG
vilanaças	vilanaço+A+F+PL
vilanaça	vilanaço+A+F+SG
vilanaços	vilanaço+A+M+PL
vilanaço	vilanaço+A+M+SG
vilanazes	vilanaz+A+F+PL
vilanazes	vilanaz+A+M+PL
vilanazes	vilão+A+AUG+F+PL
vilanaz	vilanaz+A+F+SG
vilanaz	vilanaz+A+M+SG
vilanaz	vilão+A+AUG+F+SG
vilanescas	vilanesco+A+F+PL
vilanesca	vilanesco+A+F+SG
vilanescos	vilanesco+A+M+PL
vilanesco	vilanesco+A+M+SG
vila-realenses	vila-realense+A+F+PL
vila-realenses	vila-realense+A+M+PL
vila-realense	vila-realense+A+F+SG
vila-realense	vila-realense+A+M+SG
vila-verdenses	vila-verdense+A+F+PL
vila-verdenses	vila-verdense+A+M+PL
vila-verdense	vila-verdense+A+F+SG
vila-verdense	vila-verdense+A+M+SG
vilipendiadas	vilipendiado+A+F+PL
vilipendiada	vilipendiado+A+F+SG
vilipendiadoras	vilipendiador+A+F+PL
vilipendiadora	vilipendiador+A+F+SG
vilipendiadores	vilipendiador+A+M+PL
vilipendiador	vilipendiador+A+M+SG
vilipendiados	vilipendiado+A+M+PL
vilipendiado	vilipendiado+A+M+SG
vináceas	vináceo+A+F+PL
vinácea	vináceo+A+F+SG
vináceos	vináceo+A+M+PL
vináceo	vináceo+A+M+SG
vinagrentas	vinagrento+A+F+PL
vinagrenta	vinagrento+A+F+SG
vinagrentos	vinagrento+A+M+PL
vinagrento	vinagrento+A+M+SG
vinárias	vinário+A+F+PL
vinária	vinário+A+F+SG
vinários	vinário+A+M+PL
vinário	vinário+A+M+SG
vincadas	vincado+A+F+PL
vincada	vincado+A+F+SG
vincados	vincado+A+M+PL
vincado	vincado+A+M+SG
vincituras	vincituro+A+F+PL
vincitura	vincituro+A+F+SG
vincituros	vincituro+A+M+PL
vincituro	vincituro+A+M+SG
vinculatórias	vinculatório+A+F+PL
vinculatória	vinculatório+A+F+SG
vinculatórios	vinculatório+A+M+PL
vinculatório	vinculatório+A+M+SG
vinculáveis	vinculável+A+F+PL
vinculáveis	vinculável+A+M+PL
vinculável	vinculável+A+F+SG
vinculável	vinculável+A+M+SG
vindas	vindo+A+F+PL
vinda	vindo+A+F+SG
vindiças	vindiço+A+F+PL
vindiça	vindiço+A+F+SG
víndices	víndice+A+F+PL
víndices	víndice+A+M+PL
víndice	víndice+A+F+SG
víndice	víndice+A+M+SG
vindiços	vindiço+A+M+PL
vindiço	vindiço+A+M+SG
vindimadas	vindimado+A+F+PL
vindimada	vindimado+A+F+SG
vindimadeiras	vindimadeiro+A+F+PL
vindimadeira	vindimadeiro+A+F+SG
vindimadeiros	vindimadeiro+A+M+PL
vindimadeiro	vindimadeiro+A+M+SG
vindimadoras	vindimador+A+F+PL
vindimadora	vindimador+A+F+SG
vindimadores	vindimador+A+M+PL
vindimador	vindimador+A+M+SG
vindimados	vindimado+A+M+PL
vindimado	vindimado+A+M+SG
vindimeiras	vindimeiro+A+F+PL
vindimeira	vindimeiro+A+F+SG
vindimeiros	vindimeiro+A+M+PL
vindimeiro	vindimeiro+A+M+SG
vindobonianas	vindoboniano+A+F+PL
vindoboniana	vindoboniano+A+F+SG
vindobonianos	vindoboniano+A+M+PL
vindoboniano	vindoboniano+A+M+SG
vindoiras	vindoiro+A+F+PL
vindoira	vindoiro+A+F+SG
vindoiros	vindoiro+A+M+PL
vindoiro	vindoiro+A+M+SG
vindos	vindo+A+M+PL
vindo	vindo+A+M+SG
víneas	víneo+A+F+PL
vínea	víneo+A+F+SG
víneos	víneo+A+M+PL
víneo	víneo+A+M+SG
vingues	vingue+A+F+PL
vingues	vingue+A+M+PL
vingue	vingue+A+F+SG
vingue	vingue+A+M+SG
vínicas	vínico+A+F+PL
vínica	vínico+A+F+SG
vínicos	vínico+A+M+PL
vínico	vínico+A+M+SG
viníferas	vinífero+A+F+PL
vinífera	vinífero+A+F+SG
viníferos	vinífero+A+M+PL
vinífero	vinífero+A+M+SG
vinificadas	vinificado+A+F+PL
vinificada	vinificado+A+F+SG
vinificados	vinificado+A+M+PL
vinificado	vinificado+A+M+SG
vinolentas	vinolento+A+F+PL
vinolenta	vinolento+A+F+SG
vinolentos	vinolento+A+M+PL
vinolento	vinolento+A+M+SG
vinosas	vinoso+A+F+PL
vinosa	vinoso+A+F+SG
vinosos	vinoso+A+M+PL
vinoso	vinoso+A+M+SG
vintage	vintage+A+F+PL
vintage	vintage+A+F+SG
vintage	vintage+A+M+PL
vintage	vintage+A+M+SG
vintedozenas	vintedozeno+A+F+PL
vintedozena	vintedozeno+A+F+SG
vintedozenos	vintedozeno+A+M+PL
vintedozeno	vintedozeno+A+M+SG
vinteochenas	vinteocheno+A+F+PL
vinteochena	vinteocheno+A+F+SG
vinteochenos	vinteocheno+A+M+PL
vinteocheno	vinteocheno+A+M+SG
vintequatrenas	vintequatreno+A+F+PL
vintequatrena	vintequatreno+A+F+SG
vintequatrenos	vintequatreno+A+M+PL
vintequatreno	vintequatreno+A+M+SG
violadas	violado+A+F+PL
violada	violado+A+F+SG
violadíssimas	violado+A+SUPER+F+PL
violadíssima	violado+A+SUPER+F+SG
violadíssimos	violado+A+SUPER+M+PL
violadíssimo	violado+A+SUPER+M+SG
violados	violado+A+M+PL
violado	violado+A+M+SG
violatórias	violatório+A+F+PL
violatória	violatório+A+F+SG
violatórios	violatório+A+M+PL
violatório	violatório+A+M+SG
violentadíssimas	violentado+A+SUPER+F+PL
violentadíssima	violentado+A+SUPER+F+SG
violentadíssimos	violentado+A+SUPER+M+PL
violentadíssimo	violentado+A+SUPER+M+SG
violentíssimas	violento+A+SUPER+F+PL
violentíssima	violento+A+SUPER+F+SG
violentíssimos	violento+A+SUPER+M+PL
violentíssimo	violento+A+SUPER+M+SG
violetes	violete+A+F+PL
violetes	violete+A+M+PL
violete	violete+A+F+SG
violete	violete+A+M+SG
vira-casacas	vira-casaca+A+F+PL
vira-casacas	vira-casaca+A+M+PL
vira-casaca	vira-casaca+A+F+SG
vira-casaca	vira-casaca+A+M+SG
viradíssimas	virado+A+SUPER+F+PL
viradíssima	virado+A+SUPER+F+SG
viradíssimos	virado+A+SUPER+M+PL
viradíssimo	virado+A+SUPER+M+SG
viradoras	virador+A+F+PL
viradora	virador+A+F+SG
vira-latas	vira-lata+A+F+PL
vira-latas	vira-lata+A+M+PL
vira-lata	vira-lata+A+F+SG
vira-lata	vira-lata+A+M+SG
virentes	virente+A+F+PL
virentes	virente+A+M+PL
virente	virente+A+F+SG
virente	virente+A+M+SG
virgulosas	virguloso+A+F+PL
virgulosa	virguloso+A+F+SG
virgulosos	virguloso+A+M+PL
virguloso	virguloso+A+M+SG
viridentes	viridente+A+F+PL
viridentes	viridente+A+M+PL
viridente	viridente+A+F+SG
viridente	viridente+A+M+SG
viripotentes	viripotente+A+F+PL
viripotentes	viripotente+A+M+PL
viripotente	viripotente+A+F+SG
viripotente	viripotente+A+M+SG
virológicas	virológico+A+F+PL
virológica	virológico+A+F+SG
virológicos	virológico+A+M+PL
virológico	virológico+A+M+SG
virosas	viroso+A+F+PL
virosa	viroso+A+F+SG
virosos	viroso+A+M+PL
viroso	viroso+A+M+SG
virtiginosas	virtiginoso+A+F+PL
virtiginosa	virtiginoso+A+F+SG
virtiginosos	virtiginoso+A+M+PL
virtiginoso	virtiginoso+A+M+SG
virtuosíssimas	virtuoso+A+SUPER+F+PL
virtuosíssima	virtuoso+A+SUPER+F+SG
virtuosíssimos	virtuoso+A+SUPER+M+PL
virtuosíssimo	virtuoso+A+SUPER+M+SG
visadas	visado+A+F+PL
visada	visado+A+F+SG
visadíssimas	visado+A+SUPER+F+PL
visadíssima	visado+A+SUPER+F+SG
visadíssimos	visado+A+SUPER+M+PL
visadíssimo	visado+A+SUPER+M+SG
visados	visado+A+M+PL
visado	visado+A+M+SG
viscerosas	visceroso+A+F+PL
viscerosa	visceroso+A+F+SG
viscerosos	visceroso+A+M+PL
visceroso	visceroso+A+M+SG
viscívoras	viscívoro+A+F+PL
viscívora	viscívoro+A+F+SG
viscívoros	viscívoro+A+M+PL
viscívoro	viscívoro+A+M+SG
viscoelásticas	viscoelástico+A+F+PL
viscoelástica	viscoelástico+A+F+SG
viscoelásticos	viscoelástico+A+M+PL
viscoelástico	viscoelástico+A+M+SG
viscosíssimas	viscoso+A+SUPER+F+PL
viscosíssima	viscoso+A+SUPER+F+SG
viscosíssimos	viscoso+A+SUPER+M+PL
viscosíssimo	viscoso+A+SUPER+M+SG
viseenses	viseense+A+F+PL
viseenses	viseense+A+M+PL
viseense	viseense+A+F+SG
viseense	viseense+A+M+SG
visibilíssimas	visível+A+SUPER+F+PL
visibilíssima	visível+A+SUPER+F+SG
visibilíssimos	visível+A+SUPER+M+PL
visibilíssimo	visível+A+SUPER+M+SG
visionadas	visionado+A+F+PL
visionada	visionado+A+F+SG
visionados	visionado+A+M+PL
visionado	visionado+A+M+SG
visitadas	visitado+A+F+PL
visitada	visitado+A+F+SG
visitados	visitado+A+M+PL
visitado	visitado+A+M+SG
visitáveis	visitável+A+F+PL
visitáveis	visitável+A+M+PL
visitável	visitável+A+F+SG
visitável	visitável+A+M+SG
vislumbradas	vislumbrado+A+F+PL
vislumbrada	vislumbrado+A+F+SG
vislumbrados	vislumbrado+A+M+PL
vislumbrado	vislumbrado+A+M+SG
vistas	visto+A+F+PL
vista	visto+A+F+SG
vistíssimas	visto+A+SUPER+F+PL
vistíssima	visto+A+SUPER+F+SG
vistíssimos	visto+A+SUPER+M+PL
vistíssimo	visto+A+SUPER+M+SG
vistoriadas	vistoriado+A+F+PL
vistoriada	vistoriado+A+F+SG
vistoriadoras	vistoriador+A+F+PL
vistoriadora	vistoriador+A+F+SG
vistoriadores	vistoriador+A+M+PL
vistoriador	vistoriador+A+M+SG
vistoriados	vistoriado+A+M+PL
vistoriado	vistoriado+A+M+SG
vistosíssimas	vistoso+A+SUPER+F+PL
vistosíssima	vistoso+A+SUPER+F+SG
vistosíssimos	vistoso+A+SUPER+M+PL
vistosíssimo	vistoso+A+SUPER+M+SG
vistos	visto+A+M+PL
visto	visto+A+M+SG
visualizadas	visualizado+A+F+PL
visualizada	visualizado+A+F+SG
visualizados	visualizado+A+M+PL
visualizado	visualizado+A+M+SG
vitae	vitae+A+F+PL
vitae	vitae+A+F+SG
vitae	vitae+A+M+PL
vitae	vitae+A+M+SG
vitalistas	vitalista+A+F+PL
vitalistas	vitalista+A+M+PL
vitalista	vitalista+A+F+SG
vitalista	vitalista+A+M+SG
vitalizadas	vitalizado+A+F+PL
vitalizada	vitalizado+A+F+SG
vitalizadoras	vitalizador+A+F+PL
vitalizadora	vitalizador+A+F+SG
vitalizadores	vitalizador+A+M+PL
vitalizador	vitalizador+A+M+SG
vitalizados	vitalizado+A+M+PL
vitalizado	vitalizado+A+M+SG
vitalizantes	vitalizante+A+F+PL
vitalizantes	vitalizante+A+M+PL
vitalizante	vitalizante+A+F+SG
vitalizante	vitalizante+A+M+SG
vitandas	vitando+A+F+PL
vitanda	vitando+A+F+SG
vitandos	vitando+A+M+PL
vitando	vitando+A+M+SG
vitatórias	vitatório+A+F+PL
vitatória	vitatório+A+F+SG
vitatórios	vitatório+A+M+PL
vitatório	vitatório+A+M+SG
vitelíferas	vitelífero+A+F+PL
vitelífera	vitelífero+A+F+SG
vitelíferos	vitelífero+A+M+PL
vitelífero	vitelífero+A+M+SG
vitelogéneas	vitelogéneo+A+F+PL
vitelogénea	vitelogéneo+A+F+SG
vitelogéneos	vitelogéneo+A+M+PL
vitelogéneo	vitelogéneo+A+M+SG
vitícolas	vitícola+A+F+PL
vitícolas	vitícola+A+M+PL
vitícola	vitícola+A+F+SG
vitícola	vitícola+A+M+SG
viticomadas	viticomado+A+F+PL
viticomada	viticomado+A+F+SG
viticomados	viticomado+A+M+PL
viticomado	viticomado+A+M+SG
vitíferas	vitífero+A+F+PL
vitífera	vitífero+A+F+SG
vitíferos	vitífero+A+M+PL
vitífero	vitífero+A+M+SG
vitivinícolas	vitivinícola+A+F+PL
vitivinícolas	vitivinícola+A+M+PL
vitivinícola	vitivinícola+A+F+SG
vitivinícola	vitivinícola+A+M+SG
vitoriadas	vitoriado+A+F+PL
vitoriada	vitoriado+A+F+SG
vitoriados	vitoriado+A+M+PL
vitoriado	vitoriado+A+M+SG
vitripenes	vitripene+A+F+PL
vitripenes	vitripene+A+M+PL
vitripene	vitripene+A+F+SG
vitripene	vitripene+A+M+SG
vitro	vitro+A+F+PL
vitro	vitro+A+F+SG
vitro	vitro+A+M+PL
vitro	vitro+A+M+SG
vituperadas	vituperado+A+F+PL
vituperada	vituperado+A+F+SG
vituperados	vituperado+A+M+PL
vituperado	vituperado+A+M+SG
vituperativas	vituperativo+A+F+PL
vituperativa	vituperativo+A+F+SG
vituperativos	vituperativo+A+M+PL
vituperativo	vituperativo+A+M+SG
vituperiosas	vituperioso+A+F+PL
vituperiosa	vituperioso+A+F+SG
vituperiosos	vituperioso+A+M+PL
vituperioso	vituperioso+A+M+SG
viuvíssimas	viúvo+A+SUPER+F+PL
viuvíssima	viúvo+A+SUPER+F+SG
viuvíssimos	viúvo+A+SUPER+M+PL
viuvíssimo	viúvo+A+SUPER+M+SG
vivaças	vivaço+A+F+PL
vivaça	vivaço+A+F+SG
vivaces	vivace+A+M+PL
vivace	vivace+A+M+SG
vivacíssimas	vivaz+A+SUPER+F+PL
vivacíssima	vivaz+A+SUPER+F+SG
vivacíssimos	vivaz+A+SUPER+M+PL
vivacíssimo	vivaz+A+SUPER+M+SG
vivaços	vivaço+A+M+PL
vivaço	vivaço+A+M+SG
vivedoiras	vivedoiro+A+F+PL
vivedoira	vivedoiro+A+F+SG
vivedoiros	vivedoiro+A+M+PL
vivedoiro	vivedoiro+A+M+SG
viverrídeas	viverrídeo+A+F+PL
viverrídea	viverrídeo+A+F+SG
viverrídeos	viverrídeo+A+M+PL
viverrídeo	viverrídeo+A+M+SG
viverrinas	viverrino+A+F+PL
viverrina	viverrino+A+F+SG
viverrinos	viverrino+A+M+PL
viverrino	viverrino+A+M+SG
vividas	vivido+A+F+PL
vivida	vivido+A+F+SG
vividíssimas	vivido+A+SUPER+F+PL
vividíssima	vivido+A+SUPER+F+SG
vividíssimos	vivido+A+SUPER+M+PL
vividíssimo	vivido+A+SUPER+M+SG
vividos	vivido+A+M+PL
vivido	vivido+A+M+SG
vivíssimas	vivo+A+SUPER+F+PL
vivíssima	vivo+A+SUPER+F+SG
vivíssimos	vivo+A+SUPER+M+PL
vivíssimo	vivo+A+SUPER+M+SG
vivitas	vivo+A+DIM+F+PL
vivita	vivo+A+DIM+F+SG
vivitos	vivo+A+DIM+M+PL
vivito	vivo+A+DIM+M+SG
vizinhantes	vizinhante+A+F+PL
vizinhantes	vizinhante+A+M+PL
vizinhante	vizinhante+A+F+SG
vizinhante	vizinhante+A+M+SG
vocabularas	vocabular+A+F+PL
vocabulara	vocabular+A+F+SG
vocacionadas	vocacionado+A+F+PL
vocacionada	vocacionado+A+F+SG
vocacionados	vocacionado+A+M+PL
vocacionado	vocacionado+A+M+SG
vocalíssimas	vocal+A+SUPER+F+PL
vocalíssima	vocal+A+SUPER+F+SG
vocalíssimos	vocal+A+SUPER+M+PL
vocalíssimo	vocal+A+SUPER+M+SG
vocalizadoras	vocalizador+A+F+PL
vocalizadora	vocalizador+A+F+SG
vocalizadores	vocalizador+A+M+PL
vocalizador	vocalizador+A+M+SG
vocalizáveis	vocalizável+A+F+PL
vocalizáveis	vocalizável+A+M+PL
vocalizável	vocalizável+A+F+SG
vocalizável	vocalizável+A+M+SG
voejantes	voejante+A+F+PL
voejantes	voejante+A+M+PL
voejante	voejante+A+F+SG
voejante	voejante+A+M+SG
vogantes	vogante+A+F+PL
vogantes	vogante+A+M+PL
vogante	vogante+A+F+SG
vogante	vogante+A+M+SG
volatilizadas	volatilizado+A+F+PL
volatilizada	volatilizado+A+F+SG
volatilizados	volatilizado+A+M+PL
volatilizado	volatilizado+A+M+SG
volatórias	volatório+A+F+PL
volatória	volatório+A+F+SG
volatórios	volatório+A+M+PL
volatório	volatório+A+M+SG
volitantes	volitante+A+F+PL
volitantes	volitante+A+M+PL
volitante	volitante+A+F+SG
volitante	volitante+A+M+SG
volta-grandenses	volta-grandense+A+F+PL
volta-grandenses	volta-grandense+A+M+PL
volta-grandense	volta-grandense+A+F+SG
volta-grandense	volta-grandense+A+M+SG
volta-redondenses	volta-redondense+A+F+PL
volta-redondenses	volta-redondense+A+M+PL
volta-redondense	volta-redondense+A+F+SG
volta-redondense	volta-redondense+A+M+SG
volteiras	volteiro+A+F+PL
volteira	volteiro+A+F+SG
volteiros	volteiro+A+M+PL
volteiro	volteiro+A+M+SG
volubilíssimas	volúvel+A+SUPER+F+PL
volubilíssima	volúvel+A+SUPER+F+SG
volubilíssimos	volúvel+A+SUPER+M+PL
volubilíssimo	volúvel+A+SUPER+M+SG
volumares	volumar+A+F+PL
volumares	volumar+A+M+PL
volumar	volumar+A+F+SG
volumar	volumar+A+M+SG
volúmicas	volúmico+A+F+PL
volúmica	volúmico+A+F+SG
volúmicos	volúmico+A+M+PL
volúmico	volúmico+A+M+SG
volutuárias	volutuário+A+F+PL
volutuária	volutuário+A+F+SG
volutuários	volutuário+A+M+PL
volutuário	volutuário+A+M+SG
volutuosas	volutuoso+A+F+PL
volutuosa	volutuoso+A+F+SG
volutuosos	volutuoso+A+M+PL
volutuoso	volutuoso+A+M+SG
volváceas	volváceo+A+F+PL
volvácea	volváceo+A+F+SG
volváceos	volváceo+A+M+PL
volváceo	volváceo+A+M+SG
volvadas	volvado+A+F+PL
volvada	volvado+A+F+SG
volvados	volvado+A+M+PL
volvado	volvado+A+M+SG
vómicas	vómica+A+F+PL
vómicas	vómica+A+M+PL
vómicas	vómico+A+F+PL
vómica	vómica+A+F+SG
vómica	vómica+A+M+SG
vómica	vómico+A+F+SG
vómicos	vómico+A+M+PL
vómico	vómico+A+M+SG
vomitadíssimas	vomitado+A+SUPER+F+PL
vomitadíssima	vomitado+A+SUPER+F+SG
vomitadíssimos	vomitado+A+SUPER+M+PL
vomitadíssimo	vomitado+A+SUPER+M+SG
voraces	vorace+A+F+PL
voraces	vorace+A+M+PL
vorace	vorace+A+F+SG
vorace	vorace+A+M+SG
voracíssimas	voraz+A+SUPER+F+PL
voracíssima	voraz+A+SUPER+F+SG
voracíssimos	voraz+A+SUPER+M+PL
voracíssimo	voraz+A+SUPER+M+SG
voraginosas	voraginoso+A+F+PL
voraginosa	voraginoso+A+F+SG
voraginosos	voraginoso+A+M+PL
voraginoso	voraginoso+A+M+SG
vorticosas	vorticoso+A+F+PL
vorticosa	vorticoso+A+F+SG
vorticosos	vorticoso+A+M+PL
vorticoso	vorticoso+A+M+SG
votíferas	votífero+A+F+PL
votífera	votífero+A+F+SG
votíferos	votífero+A+M+PL
votífero	votífero+A+M+SG
votozinhos	voto+A+DIM+M+PL
votozinho	voto+A+DIM+M+SG
votozitos	voto+A+DIM+M+PL
votozito	voto+A+DIM+M+SG
voventes	vovente+A+F+PL
voventes	vovente+A+M+PL
vovente	vovente+A+F+SG
vovente	vovente+A+M+SG
vozeiras	vozeiro+A+F+PL
vozeira	vozeiro+A+F+SG
vozeiros	vozeiro+A+M+PL
vozeiro	vozeiro+A+M+SG
vulcâneas	vulcâneo+A+F+PL
vulcânea	vulcâneo+A+F+SG
vulcâneos	vulcâneo+A+M+PL
vulcâneo	vulcâneo+A+M+SG
vulcanianas	vulcaniano+A+F+PL
vulcaniana	vulcaniano+A+F+SG
vulcanianos	vulcaniano+A+M+PL
vulcaniano	vulcaniano+A+M+SG
vulcaniformes	vulcaniforme+A+F+PL
vulcaniformes	vulcaniforme+A+M+PL
vulcaniforme	vulcaniforme+A+F+SG
vulcaniforme	vulcaniforme+A+M+SG
vulcanistas	vulcanista+A+F+PL
vulcanistas	vulcanista+A+M+PL
vulcanista	vulcanista+A+F+SG
vulcanista	vulcanista+A+M+SG
vulcanizadas	vulcanizado+A+F+PL
vulcanizada	vulcanizado+A+F+SG
vulcanizados	vulcanizado+A+M+PL
vulcanizado	vulcanizado+A+M+SG
vulcanizáveis	vulcanizável+A+F+PL
vulcanizáveis	vulcanizável+A+M+PL
vulcanizável	vulcanizável+A+F+SG
vulcanizável	vulcanizável+A+M+SG
vulgaríssimas	vulgar+A+SUPER+F+PL
vulgaríssima	vulgar+A+SUPER+F+SG
vulgaríssimos	vulgar+A+SUPER+M+PL
vulgaríssimo	vulgar+A+SUPER+M+SG
vulgívagas	vulgívago+A+F+PL
vulgívaga	vulgívago+A+F+SG
vulgívagos	vulgívago+A+M+PL
vulgívago	vulgívago+A+M+SG
vulnerabilíssimas	vulnerável+A+SUPER+F+PL
vulnerabilíssima	vulnerável+A+SUPER+F+SG
vulnerabilíssimos	vulnerável+A+SUPER+M+PL
vulnerabilíssimo	vulnerável+A+SUPER+M+SG
vulneradoras	vulnerador+A+F+PL
vulneradora	vulnerador+A+F+SG
vulneradores	vulnerador+A+M+PL
vulnerador	vulnerador+A+M+SG
vulnerais	vulneral+A+F+PL
vulnerais	vulneral+A+M+PL
vulneral	vulneral+A+F+SG
vulneral	vulneral+A+M+SG
vulnerantes	vulnerante+A+F+PL
vulnerantes	vulnerante+A+M+PL
vulnerante	vulnerante+A+F+SG
vulnerante	vulnerante+A+M+SG
vulníficas	vulnífico+A+F+PL
vulnífica	vulnífico+A+F+SG
vulníficos	vulnífico+A+M+PL
vulnífico	vulnífico+A+M+SG
vulturinas	vulturino+A+F+PL
vulturina	vulturino+A+F+SG
vulturinos	vulturino+A+M+PL
vulturino	vulturino+A+M+SG
vurmosas	vurmoso+A+F+PL
vurmosa	vurmoso+A+F+SG
vurmosos	vurmoso+A+M+PL
vurmoso	vurmoso+A+M+SG
vurtemberguesas	vurtemberguês+A+F+PL
vurtemberguesa	vurtemberguês+A+F+SG
vurtembergueses	vurtemberguês+A+M+PL
vurtemberguês	vurtemberguês+A+M+SG
weberianas	weberiano+A+F+PL
weberiana	weberiano+A+F+SG
weberianos	weberiano+A+M+PL
weberiano	weberiano+A+M+SG
white-collar	white-collar+A+F+SG
white-collar	white-collar+A+M+SG
windsorianas	windsoriano+A+F+PL
windsoriana	windsoriano+A+F+SG
windsorianos	windsoriano+A+M+PL
windsoriano	windsoriano+A+M+SG
xabocas	xaboco+A+F+PL
xaboca	xaboco+A+F+SG
xabocos	xaboco+A+M+PL
xaboco	xaboco+A+M+SG
xaboucas	xabouco+A+F+PL
xabouca	xabouco+A+F+SG
xaboucos	xabouco+A+M+PL
xabouco	xabouco+A+M+SG
xabouqueiras	xabouqueiro+A+F+PL
xabouqueira	xabouqueiro+A+F+SG
xabouqueiros	xabouqueiro+A+M+PL
xabouqueiro	xabouqueiro+A+M+SG
xabregas	xabregas+A+F+PL
xabregas	xabregas+A+F+SG
xabregas	xabregas+A+M+PL
xabregas	xabregas+A+M+SG
xaireis	xairel+A+F+PL
xaireis	xairel+A+M+PL
xairel	xairel+A+F+SG
xairel	xairel+A+M+SG
xangaenses	xangaense+A+F+PL
xangaenses	xangaense+A+M+PL
xangaense	xangaense+A+F+SG
xangaense	xangaense+A+M+SG
xangaêss	xangaês+A+F+PL
xangaêss	xangaês+A+M+PL
xangaês	xangaês+A+F+SG
xangaês	xangaês+A+M+SG
xangaínas	xangaíno+A+F+PL
xangaína	xangaíno+A+F+SG
xangaínos	xangaíno+A+M+PL
xangaíno	xangaíno+A+M+SG
xantocrómicas	xantocrómico+A+F+PL
xantocrómica	xantocrómico+A+F+SG
xantocrómicos	xantocrómico+A+M+PL
xantocrómico	xantocrómico+A+M+SG
xantogénicas	xantogénico+A+F+PL
xantogénica	xantogénico+A+F+SG
xantogénicos	xantogénico+A+M+PL
xantogénico	xantogénico+A+M+SG
xantoproteicas	xantoproteico+A+F+PL
xantoproteica	xantoproteico+A+F+SG
xantorreicas	xantorreico+A+F+PL
xantorreica	xantorreico+A+F+SG
xardosas	xardoso+A+F+PL
xardosa	xardoso+A+F+SG
xardosos	xardoso+A+M+PL
xardoso	xardoso+A+M+SG
xenofónicas	xenofónico+A+F+PL
xenofônicas	xenofônico+A+F+PL
xenofónica	xenofónico+A+F+SG
xenofônica	xenofônico+A+F+SG
xenofónicos	xenofónico+A+M+PL
xenofônicos	xenofônico+A+M+PL
xenofónico	xenofónico+A+M+SG
xenofônico	xenofônico+A+M+SG
xerifinas	xerifino+A+F+PL
xerifina	xerifino+A+F+SG
xerifinos	xerifino+A+M+PL
xerifino	xerifino+A+M+SG
xerotermas	xerotermo+A+F+PL
xeroterma	xerotermo+A+F+SG
xerotermos	xerotermo+A+M+PL
xerotermo	xerotermo+A+M+SG
xevás	xevá+A+F+PL
xevás	xevá+A+M+PL
xevá	xevá+A+F+SG
xevá	xevá+A+M+SG
xexés	xexé+A+F+PL
xexés	xexé+A+M+PL
xexé	xexé+A+F+SG
xexé	xexé+A+M+SG
xifirrincas	xifirrinco+A+F+PL
xifirrinca	xifirrinco+A+F+SG
xifirrincos	xifirrinco+A+M+PL
xifirrinco	xifirrinco+A+M+SG
xifófilas	xifófilo+A+F+PL
xifófila	xifófilo+A+F+SG
xifófilos	xifófilo+A+M+PL
xifófilo	xifófilo+A+M+SG
xifógapas	xifógapo+A+F+PL
xifógapa	xifógapo+A+F+SG
xifógapos	xifógapo+A+M+PL
xifógapo	xifógapo+A+M+SG
xifóideas	xifóideo+A+F+PL
xifóidea	xifóideo+A+F+SG
xifóideos	xifóideo+A+M+PL
xifóideo	xifóideo+A+M+SG
xifóides	xifóide+A+F+PL
xifóides	xifóide+A+M+PL
xifóide	xifóide+A+F+SG
xifóide	xifóide+A+M+SG
xilénicas	xilénico+A+F+PL
xilênicas	xilênico+A+F+PL
xilénica	xilénico+A+F+SG
xilênica	xilênico+A+F+SG
xilénicos	xilénico+A+M+PL
xilênicos	xilênico+A+M+PL
xilénico	xilénico+A+M+SG
xilênico	xilênico+A+M+SG
xilógenas	xilógeno+A+F+PL
xilógena	xilógeno+A+F+SG
xilógenos	xilógeno+A+M+PL
xilógeno	xilógeno+A+M+SG
xilogravadas	xilogravado+A+F+PL
xilogravada	xilogravado+A+F+SG
xilogravados	xilogravado+A+M+PL
xilogravado	xilogravado+A+M+SG
xilóides	xilóide+A+F+PL
xilóides	xilóide+A+M+PL
xilóide	xilóide+A+F+SG
xilóide	xilóide+A+M+SG
xistentas	xistento+A+F+PL
xistenta	xistento+A+F+SG
xistentos	xistento+A+M+PL
xistento	xistento+A+M+SG
xísticas	xístico+A+F+PL
xística	xístico+A+F+SG
xísticos	xístico+A+M+PL
xístico	xístico+A+M+SG
xistocarpas	xistocarpo+A+F+PL
xistocarpa	xistocarpo+A+F+SG
xistocarpos	xistocarpo+A+M+PL
xistocarpo	xistocarpo+A+M+SG
xistocristalinas	xistocristalino+A+F+PL
xistocristalina	xistocristalino+A+F+SG
xistocristalinos	xistocristalino+A+M+PL
xistocristalino	xistocristalino+A+M+SG
xistóides	xistóide+A+F+PL
xistóides	xistóide+A+M+PL
xistóide	xistóide+A+F+SG
xistóide	xistóide+A+M+SG
xordas	xordo+A+F+PL
xorda	xordo+A+F+SG
xordos	xordo+A+M+PL
xordo	xordo+A+M+SG
xués	xué+A+F+PL
xués	xué+A+M+PL
xué	xué+A+F+SG
xué	xué+A+M+SG
zacónicas	zacónico+A+F+PL
zacônicas	zacônico+A+F+PL
zacónica	zacónico+A+F+SG
zacônica	zacônico+A+F+SG
zacónicos	zacónico+A+M+PL
zacônicos	zacônico+A+M+PL
zacónico	zacónico+A+M+SG
zacônico	zacônico+A+M+SG
zainas	zaina+A+F+PL
zaina	zaina+A+F+SG
zambanas	zambana+A+F+PL
zambanas	zambana+A+M+PL
zambana	zambana+A+F+SG
zambana	zambana+A+M+SG
zambas	zambo+A+F+PL
zamba	zambo+A+F+SG
zambetas	zambeta+A+F+PL
zambetas	zambeta+A+M+PL
zambeta	zambeta+A+F+SG
zambeta	zambeta+A+M+SG
zambulhas	zambulha+A+F+PL
zambulhas	zambulha+A+M+PL
zambulha	zambulha+A+F+SG
zambulha	zambulha+A+M+SG
zambulheiras	zambulheira+A+F+PL
zambulheira	zambulheira+A+F+SG
zanagas	zanaga+A+F+PL
zanagas	zanaga+A+M+PL
zanaga	zanaga+A+F+SG
zanaga	zanaga+A+M+SG
zanagos	zanago+A+F+PL
zanago	zanago+A+F+SG
zangadazinhas	zangado+A+DIM+F+PL
zangadazinha	zangado+A+DIM+F+SG
zangadazitas	zangado+A+DIM+F+PL
zangadazita	zangado+A+DIM+F+SG
zangadinhas	zangado+A+DIM+F+PL
zangadinha	zangado+A+DIM+F+SG
zangadinhos	zangado+A+DIM+M+PL
zangadinho	zangado+A+DIM+M+SG
zangadíssimas	zangado+A+SUPER+F+PL
zangadíssima	zangado+A+SUPER+F+SG
zangadíssimos	zangado+A+SUPER+M+PL
zangadíssimo	zangado+A+SUPER+M+SG
zangaditas	zangado+A+DIM+F+PL
zangadita	zangado+A+DIM+F+SG
zangaditos	zangado+A+DIM+M+PL
zangadito	zangado+A+DIM+M+SG
zangadoras	zangador+A+F+PL
zangadora	zangador+A+F+SG
zangadores	zangador+A+M+PL
zangador	zangador+A+M+SG
zangadozinhos	zangado+A+DIM+M+PL
zangadozinho	zangado+A+DIM+M+SG
zangadozitos	zangado+A+DIM+M+PL
zangadozito	zangado+A+DIM+M+SG
zanoias	zanoio+A+F+PL
zanoia	zanoio+A+F+SG
zanoios	zanoio+A+M+PL
zanoio	zanoio+A+M+SG
zanolhas	zanolho+A+F+PL
zanolha	zanolho+A+F+SG
zanolhos	zanolho+A+M+PL
zanolho	zanolho+A+M+SG
zanzadoras	zanzador+A+F+PL
zanzadora	zanzador+A+F+SG
zanzadores	zanzador+A+M+PL
zanzador	zanzador+A+M+SG
zanzibaritas	zanzibarita+A+F+PL
zanzibaritas	zanzibarita+A+M+PL
zanzibarita	zanzibarita+A+F+SG
zanzibarita	zanzibarita+A+M+SG
zarés	zaré+A+F+PL
zarés	zaré+A+M+PL
zaré	zaré+A+F+SG
zaré	zaré+A+M+SG
zargas	zargo+A+F+PL
zarga	zargo+A+F+SG
zargos	zargo+A+M+PL
zargo	zargo+A+M+SG
zarpadas	zarpado+A+F+PL
zarpada	zarpado+A+F+SG
zarpados	zarpado+A+M+PL
zarpado	zarpado+A+M+SG
zarras	zarro+A+F+PL
zarra	zarro+A+F+SG
zarros	zarro+A+M+PL
zarro	zarro+A+M+SG
zarucas	zaruca+A+F+PL
zarucas	zaruca+A+M+PL
zaruca	zaruca+A+F+SG
zaruca	zaruca+A+M+SG
zarucos	zaruca+A+M+PL
zaruco	zaruca+A+M+SG
zavadas	zavado+A+F+PL
zavada	zavado+A+F+SG
zavados	zavado+A+M+PL
zavado	zavado+A+M+SG
zavaneiras	zavaneira+A+F+PL
zavaneira	zavaneira+A+F+SG
zebradas	zebrado+A+F+PL
zebrada	zebrado+A+F+SG
zebrados	zebrado+A+M+PL
zebrado	zebrado+A+M+SG
zebróides	zebróide+A+F+PL
zebróides	zebróide+A+M+PL
zebróide	zebróide+A+F+SG
zebróide	zebróide+A+M+SG
zebrum	zebrum+A+F+SG
zebrum	zebrum+A+M+SG
zebruns	zebrum+A+F+PL
zebruns	zebrum+A+M+PL
zefirinas	zefirino+A+F+PL
zefirina	zefirino+A+F+SG
zefirinos	zefirino+A+M+PL
zefirino	zefirino+A+M+SG
zelandeses	zelandês+A+F+PL
zelandês	zelandês+A+F+SG
zelotas	zelota+A+F+PL
zelotas	zelota+A+M+PL
zelota	zelota+A+F+SG
zelota	zelota+A+M+SG
zembras	zembro+A+F+PL
zembra	zembro+A+F+SG
zembros	zembro+A+M+PL
zembro	zembro+A+M+SG
zen-budistas	zen-budista+A+F+PL
zen-budistas	zen-budista+A+M+PL
zen-budista	zen-budista+A+F+SG
zen-budista	zen-budista+A+M+SG
zenónicas	zenónico+A+F+PL
zenônicas	zenônico+A+F+PL
zenónica	zenónico+A+F+SG
zenônica	zenônico+A+F+SG
zenónicos	zenónico+A+M+PL
zenônicos	zenônico+A+M+PL
zenónico	zenónico+A+M+SG
zenônico	zenônico+A+M+SG
zeógagas	zeógago+A+F+PL
zeógaga	zeógago+A+F+SG
zeógagos	zeógago+A+M+PL
zeógago	zeógago+A+M+SG
zeolíticos	zeolítico+A+M+PL
zeolítico	zeolítico+A+M+SG
zerês	zerê+A+F+PL
zerês	zerê+A+M+PL
zerê	zerê+A+F+SG
zerê	zerê+A+M+SG
zero-quilómetro	zero-quilómetro+A+F+PL
zero-quilómetro	zero-quilómetro+A+F+SG
zero-quilómetro	zero-quilómetro+A+M+PL
zero-quilómetro	zero-quilómetro+A+M+SG
zetéticas	zetético+A+F+PL
zetética	zetético+A+F+SG
zetéticos	zetético+A+M+PL
zetético	zetético+A+M+SG
zeugitanas	zeugitano+A+F+PL
zeugitana	zeugitano+A+F+SG
zeugitanos	zeugitano+A+M+PL
zeugitano	zeugitano+A+M+SG
zeugmáticas	zeugmático+A+F+PL
zeugmática	zeugmático+A+F+SG
zeugmáticos	zeugmático+A+M+PL
zeugmático	zeugmático+A+M+SG
zigobrânquias	zigobrânquio+A+F+PL
zigobrânquia	zigobrânquio+A+F+SG
zigobrânquios	zigobrânquio+A+M+PL
zigobrânquio	zigobrânquio+A+M+SG
zigocardíacas	zigocardíaco+A+F+PL
zigocardíaca	zigocardíaco+A+F+SG
zigocardíacos	zigocardíaco+A+M+PL
zigocardíaco	zigocardíaco+A+M+SG
zigodáctilas	zigodáctilo+A+F+PL
zigodáctila	zigodáctilo+A+F+SG
zigodáctilos	zigodáctilo+A+M+PL
zigodáctilo	zigodáctilo+A+M+SG
zigodátilas	zigodátilo+A+F+PL
zigodátila	zigodátilo+A+F+SG
zigodátilos	zigodátilo+A+M+PL
zigodátilo	zigodátilo+A+M+SG
zigodontes	zigodonte+A+F+PL
zigodontes	zigodonte+A+M+PL
zigodonte	zigodonte+A+F+SG
zigodonte	zigodonte+A+M+SG
zigomatauriculares	zigomatauricular+A+F+PL
zigomatauriculares	zigomatauricular+A+M+PL
zigomatauricular	zigomatauricular+A+F+SG
zigomatauricular	zigomatauricular+A+M+SG
zigomáticas	zigomático+A+F+PL
zigomática	zigomático+A+F+SG
zigomáticos	zigomático+A+M+PL
zigomático	zigomático+A+M+SG
zigomatolabiais	zigomatolabial+A+F+PL
zigomatolabiais	zigomatolabial+A+M+PL
zigomatolabial	zigomatolabial+A+F+SG
zigomatolabial	zigomatolabial+A+M+SG
zigomatomaxilares	zigomatomaxilar+A+F+PL
zigomatomaxilares	zigomatomaxilar+A+M+PL
zigomatomaxilar	zigomatomaxilar+A+F+SG
zigomatomaxilar	zigomatomaxilar+A+M+SG
zigotácticas	zigotáctico+A+F+PL
zigotáctica	zigotáctico+A+F+SG
zigotácticos	zigotáctico+A+M+PL
zigotáctico	zigotáctico+A+M+SG
zigotáticas	zigotático+A+F+PL
zigotática	zigotático+A+F+SG
zigotáticos	zigotático+A+M+PL
zigotático	zigotático+A+M+SG
zigotenas	zigoteno+A+F+PL
zigotena	zigoteno+A+F+SG
zigotenos	zigoteno+A+M+PL
zigoteno	zigoteno+A+M+SG
zimbabueanas	zimbabueano+A+F+PL
zimbabueana	zimbabueano+A+F+SG
zimbabueanos	zimbabueano+A+M+PL
zimbabueano	zimbabueano+A+M+SG
zimbradas	zimbrado+A+F+PL
zimbrada	zimbrado+A+F+SG
zimbrados	zimbrado+A+M+PL
zimbrado	zimbrado+A+M+SG
zímicas	zímico+A+F+PL
zímica	zímico+A+F+SG
zímicos	zímico+A+M+PL
zímico	zímico+A+M+SG
zimógenas	zimógeno+A+F+PL
zimógena	zimógeno+A+F+SG
zimogénicas	zimogénico+A+F+PL
zimogénica	zimogénico+A+F+SG
zimogénicos	zimogénico+A+M+PL
zimogénico	zimogénico+A+M+SG
zimógenos	zimógeno+A+M+PL
zimógeno	zimógeno+A+M+SG
zimosimétricas	zimosimétrico+A+F+PL
zimosimétrica	zimosimétrico+A+F+SG
zimosimétricos	zimosimétrico+A+M+PL
zimosimétrico	zimosimétrico+A+M+SG
zimotécnicas	zimotécnico+A+F+PL
zimotécnica	zimotécnico+A+F+SG
zimotécnicos	zimotécnico+A+M+PL
zimotécnico	zimotécnico+A+M+SG
zimóticas	zimótico+A+F+PL
zimótica	zimótico+A+F+SG
zimóticos	zimótico+A+M+PL
zimótico	zimótico+A+M+SG
zincadas	zincado+A+F+PL
zincada	zincado+A+F+SG
zincados	zincado+A+M+PL
zincado	zincado+A+M+SG
zincáveis	zincável+A+F+PL
zincáveis	zincável+A+M+PL
zincável	zincável+A+F+SG
zincável	zincável+A+M+SG
zíncicas	zíncico+A+F+PL
zíncica	zíncico+A+F+SG
zíncicos	zíncico+A+M+PL
zíncico	zíncico+A+M+SG
zincíferas	zincífero+A+F+PL
zincífera	zincífero+A+F+SG
zincíferos	zincífero+A+M+PL
zincífero	zincífero+A+M+SG
zincograváveis	zincogravável+A+F+PL
zincograváveis	zincogravável+A+M+PL
zincogravável	zincogravável+A+F+SG
zincogravável	zincogravável+A+M+SG
zingadoras	zingador+A+F+PL
zingadora	zingador+A+F+SG
zingadores	zingador+A+M+PL
zingador	zingador+A+M+SG
zingareladas	zingarelado+A+F+PL
zingarelada	zingarelado+A+F+SG
zingarelados	zingarelado+A+M+PL
zingarelado	zingarelado+A+M+SG
zirbais	zirbal+A+F+PL
zirbais	zirbal+A+M+PL
zirbal	zirbal+A+F+SG
zirbal	zirbal+A+M+SG
zircónicas	zircónico+A+F+PL
zircônicas	zircônico+A+F+PL
zircónica	zircónico+A+F+SG
zircônica	zircônico+A+F+SG
zircónicos	zircónico+A+M+PL
zircônicos	zircônico+A+M+PL
zircónico	zircónico+A+M+SG
zircônico	zircônico+A+M+SG
zoeléctricas	zoeléctrico+A+F+PL
zoeléctrica	zoeléctrico+A+F+SG
zoeléctricos	zoeléctrico+A+M+PL
zoeléctrico	zoeléctrico+A+M+SG
zoelétricas	zoelétrico+A+F+PL
zoelétrica	zoelétrico+A+F+SG
zoelétricos	zoelétrico+A+M+PL
zoelétrico	zoelétrico+A+M+SG
zoicas	zoico+A+F+PL
zóicas	zóico+A+F+PL
zoica	zoico+A+F+SG
zóica	zóico+A+F+SG
zoicos	zoico+A+M+PL
zóicos	zóico+A+M+PL
zoico	zoico+A+M+SG
zóico	zóico+A+M+SG
zoides	zoide+A+F+PL
zoides	zoide+A+M+PL
zoide	zoide+A+F+SG
zoide	zoide+A+M+SG
zoidiófilas	zoidiófilo+A+F+PL
zoidiófila	zoidiófilo+A+F+SG
zoidiófilos	zoidiófilo+A+M+PL
zoidiófilo	zoidiófilo+A+M+SG
zoidiógamas	zoidiógamo+A+F+PL
zoidiógama	zoidiógamo+A+F+SG
zoidiógamos	zoidiógamo+A+M+PL
zoidiógamo	zoidiógamo+A+M+SG
zolaicas	zolaico+A+F+PL
zolaica	zolaico+A+F+SG
zolaicos	zolaico+A+M+PL
zolaico	zolaico+A+M+SG
zolaístas	zolaísta+A+F+PL
zolaístas	zolaísta+A+M+PL
zolaísta	zolaísta+A+F+SG
zolaísta	zolaísta+A+M+SG
zolescas	zolesco+A+F+PL
zolesca	zolesco+A+F+SG
zolescos	zolesco+A+M+PL
zolesco	zolesco+A+M+SG
zolistas	zolista+A+F+PL
zolistas	zolista+A+M+PL
zolista	zolista+A+F+SG
zolista	zolista+A+M+SG
zompeiras	zompeiro+A+F+PL
zompeira	zompeiro+A+F+SG
zompeiros	zompeiro+A+M+PL
zompeiro	zompeiro+A+M+SG
zonárias	zonária+A+F+PL
zonária	zonária+A+F+SG
zoniformes	zoniforme+A+F+PL
zoniformes	zoniforme+A+M+PL
zoniforme	zoniforme+A+F+SG
zoniforme	zoniforme+A+M+SG
zonifugas	zonifugo+A+F+PL
zonifuga	zonifugo+A+F+SG
zonifugos	zonifugo+A+M+PL
zonifugo	zonifugo+A+M+SG
zonípetas	zonípeto+A+F+PL
zonípeta	zonípeto+A+F+SG
zonípetos	zonípeto+A+M+PL
zonípeto	zonípeto+A+M+SG
zoóbias	zoóbio+A+F+PL
zoóbia	zoóbio+A+F+SG
zoóbios	zoóbio+A+M+PL
zoobióticas	zoobiótico+A+F+PL
zoobiótica	zoobiótico+A+F+SG
zoobióticos	zoobiótico+A+M+PL
zoobiótico	zoobiótico+A+M+SG
zoóbio	zoóbio+A+M+SG
zooeléctricas	zooeléctrico+A+F+PL
zooeléctrica	zooeléctrico+A+F+SG
zooeléctricos	zooeléctrico+A+M+PL
zooeléctrico	zooeléctrico+A+M+SG
zooelétricas	zooelétrico+A+F+PL
zooelétrica	zooelétrico+A+F+SG
zooelétricos	zooelétrico+A+M+PL
zooelétrico	zooelétrico+A+M+SG
zoófagas	zoófago+A+F+PL
zoófaga	zoófago+A+F+SG
zoófagos	zoófago+A+M+PL
zoófago	zoófago+A+M+SG
zoofitantráceas	zoofitantráceo+A+F+PL
zoofitantrácea	zoofitantráceo+A+F+SG
zoofitantráceos	zoofitantráceo+A+M+PL
zoofitantráceo	zoofitantráceo+A+M+SG
zoofitárias	zoofitário+A+F+PL
zoofitária	zoofitário+A+F+SG
zoofitários	zoofitário+A+M+PL
zoofitário	zoofitário+A+M+SG
zoofíticas	zoofítico+A+F+PL
zoofítica	zoofítico+A+F+SG
zoofíticos	zoofítico+A+M+PL
zoofítico	zoofítico+A+M+SG
zoofitoides	zoofitoide+A+F+PL
zoofitóides	zoofitóide+A+F+PL
zoofitoides	zoofitoide+A+M+PL
zoofitóides	zoofitóide+A+M+PL
zoofitoide	zoofitoide+A+F+SG
zoofitóide	zoofitóide+A+F+SG
zoofitoide	zoofitoide+A+M+SG
zoofitóide	zoofitóide+A+M+SG
zoófobas	zoófobo+A+F+PL
zoófoba	zoófobo+A+F+SG
zoófobos	zoófobo+A+M+PL
zoófobo	zoófobo+A+M+SG
zoógamas	zoógamo+A+F+PL
zoógama	zoógamo+A+F+SG
zoógamos	zoógamo+A+M+PL
zoógamo	zoógamo+A+M+SG
zoogénicas	zoogénico+A+F+PL
zoogênicas	zoogênico+A+F+PL
zoogénica	zoogénico+A+F+SG
zoogênica	zoogênico+A+F+SG
zoogénicos	zoogénico+A+M+PL
zoogênicos	zoogênico+A+M+PL
zoogénico	zoogénico+A+M+SG
zoogênico	zoogênico+A+M+SG
zoógonas	zoógono+A+F+PL
zoógona	zoógono+A+F+SG
zoógonos	zoógono+A+M+PL
zoógono	zoógono+A+M+SG
zoográficas	zoográfico+A+F+PL
zoográfica	zoográfico+A+F+SG
zoográficos	zoográfico+A+M+PL
zoográfico	zoográfico+A+M+SG
zooides	zooide+A+F+PL
zoóides	zoóide+A+F+PL
zooides	zooide+A+M+PL
zoóides	zoóide+A+M+PL
zooide	zooide+A+F+SG
zoóide	zoóide+A+F+SG
zooide	zooide+A+M+SG
zoóide	zoóide+A+M+SG
zoólatras	zoólatra+A+F+PL
zoólatras	zoólatra+A+M+PL
zoólatra	zoólatra+A+F+SG
zoólatra	zoólatra+A+M+SG
zoolátricas	zoolátrico+A+F+PL
zoolátrica	zoolátrico+A+F+SG
zoolátricos	zoolátrico+A+M+PL
zoolátrico	zoolátrico+A+M+SG
zoolíticas	zoolítico+A+F+PL
zoolítica	zoolítico+A+F+SG
zoolíticos	zoolítico+A+M+PL
zoolítico	zoolítico+A+M+SG
zoolitíferas	zoolitífero+A+F+PL
zoolitífera	zoolitífero+A+F+SG
zoolitíferos	zoolitífero+A+M+PL
zoolitífero	zoolitífero+A+M+SG
zoolitóforas	zoolitóforo+A+F+PL
zoolitófora	zoolitóforo+A+F+SG
zoolitóforos	zoolitóforo+A+M+PL
zoolitóforo	zoolitóforo+A+M+SG
zoomagnéticas	zoomagnético+A+F+PL
zoomagnética	zoomagnético+A+F+SG
zoomagnéticos	zoomagnético+A+M+PL
zoomagnético	zoomagnético+A+M+SG
zoomaníacas	zoomaníaco+A+F+PL
zoomaníaca	zoomaníaco+A+F+SG
zoomaníacos	zoomaníaco+A+M+PL
zoomaníaco	zoomaníaco+A+M+SG
zoomorfas	zoomorfo+A+F+PL
zoomorfa	zoomorfo+A+F+SG
zoomorfos	zoomorfo+A+M+PL
zoomorfo	zoomorfo+A+M+SG
zoónicas	zoónico+A+F+PL
zoônicas	zoônico+A+F+PL
zoónica	zoónico+A+F+SG
zoônica	zoônico+A+F+SG
zoónicos	zoónico+A+M+PL
zoônicos	zoônico+A+M+PL
zoónico	zoónico+A+M+SG
zoônico	zoônico+A+M+SG
zoonómicas	zoonómico+A+F+PL
zoonômicas	zoonômico+A+F+PL
zoonómica	zoonómico+A+F+SG
zoonômica	zoonômico+A+F+SG
zoonómicos	zoonómico+A+M+PL
zoonômicos	zoonômico+A+M+PL
zoonómico	zoonómico+A+M+SG
zoonômico	zoonômico+A+M+SG
zoonosológicas	zoonosológico+A+F+PL
zoonosológica	zoonosológico+A+F+SG
zoonosológicos	zoonosológico+A+M+PL
zoonosológico	zoonosológico+A+M+SG
zoopatológicas	zoopatológico+A+F+PL
zoopatológica	zoopatológico+A+F+SG
zoopatológicos	zoopatológico+A+M+PL
zoopatológico	zoopatológico+A+M+SG
zoopolitas	zoopolita+A+F+PL
zoopolitas	zoopolita+A+M+PL
zoopolita	zoopolita+A+F+SG
zoopolita	zoopolita+A+M+SG
zoópticas	zoóptico+A+F+PL
zoóptica	zoóptico+A+F+SG
zoópticos	zoóptico+A+M+PL
zoóptico	zoóptico+A+M+SG
zooscópicas	zooscópico+A+F+PL
zooscópica	zooscópico+A+F+SG
zooscópicos	zooscópico+A+M+PL
zooscópico	zooscópico+A+M+SG
zoospóricas	zoospórico+A+F+PL
zoospórica	zoospórico+A+F+SG
zoospóricos	zoospórico+A+M+PL
zoospórico	zoospórico+A+M+SG
zootácticas	zootáctico+A+F+PL
zootáctica	zootáctico+A+F+SG
zootácticos	zootáctico+A+M+PL
zootáctico	zootáctico+A+M+SG
zootáticas	zootático+A+F+PL
zootática	zootático+A+F+SG
zootáticos	zootático+A+M+PL
zootático	zootático+A+M+SG
zootáxicas	zootáxico+A+F+PL
zootáxica	zootáxico+A+F+SG
zootáxicos	zootáxico+A+M+PL
zootáxico	zootáxico+A+M+SG
zooterápicas	zooterápico+A+F+PL
zooterápica	zooterápico+A+F+SG
zooterápicos	zooterápico+A+M+PL
zooterápico	zooterápico+A+M+SG
zoóticas	zoótico+A+F+PL
zoótica	zoótico+A+F+SG
zoóticos	zoótico+A+M+PL
zoótico	zoótico+A+M+SG
zootómicas	zootómico+A+F+PL
zootômicas	zootômico+A+F+PL
zootómica	zootómico+A+F+SG
zootômica	zootômico+A+F+SG
zootómicos	zootómico+A+M+PL
zootômicos	zootômico+A+M+PL
zootómico	zootómico+A+M+SG
zootômico	zootômico+A+M+SG
zopeiras	zopeiro+A+F+PL
zopeira	zopeiro+A+F+SG
zopeiros	zopeiro+A+M+PL
zopeiro	zopeiro+A+M+SG
zoratas	zorato+A+F+PL
zorata	zorato+A+F+SG
zorates	zorate+A+F+PL
zorates	zorate+A+M+PL
zorate	zorate+A+F+SG
zorate	zorate+A+M+SG
zoratos	zorato+A+M+PL
zorato	zorato+A+M+SG
zornão	zornão+A+M+SG
zornões	zornão+A+M+PL
zoroastrianas	zoroastriano+A+F+PL
zoroastriana	zoroastriano+A+F+SG
zoroastrianos	zoroastriano+A+M+PL
zoroastriano	zoroastriano+A+M+SG
zoroástricas	zoroástrico+A+F+PL
zoroástrica	zoroástrico+A+F+SG
zoroástricos	zoroástrico+A+M+PL
zoroástrico	zoroástrico+A+M+SG
zorrão	zorrão+A+M+SG
zorreiras	zorreiro+A+F+PL
zorreira	zorreiro+A+F+SG
zorreiros	zorreiro+A+M+PL
zorreiro	zorreiro+A+M+SG
zorrões	zorrão+A+M+PL
zorronas	zorrão+A+F+PL
zorrona	zorrão+A+F+SG
zorzaleiras	zorzaleiro+A+F+PL
zorzaleira	zorzaleiro+A+F+SG
zorzaleiros	zorzaleiro+A+M+PL
zorzaleiro	zorzaleiro+A+M+SG
zotes	zote+A+F+PL
zotes	zote+A+M+PL
zote	zote+A+F+SG
zote	zote+A+M+SG
zoupeiras	zoupeiro+A+F+PL
zoupeira	zoupeiro+A+F+SG
zoupeiros	zoupeiro+A+M+PL
zoupeiro	zoupeiro+A+M+SG
zouvineiras	zouvineiro+A+F+PL
zouvineira	zouvineiro+A+F+SG
zouvineiros	zouvineiro+A+M+PL
zouvineiro	zouvineiro+A+M+SG
zucas	zuco+A+F+PL
zuca	zuco+A+F+SG
zucos	zuco+A+M+PL
zuco	zuco+A+M+SG
zulos	zulo+A+F+PL
zulos	zulo+A+M+PL
zulo	zulo+A+F+SG
zulo	zulo+A+M+SG
zupadoras	zupador+A+F+PL
zupadora	zupador+A+F+SG
zupadores	zupador+A+M+PL
zupador	zupador+A+M+SG
zurzidas	zurzido+A+F+PL
zurzida	zurzido+A+F+SG
zurzidoras	zurzidor+A+F+PL
zurzidora	zurzidor+A+F+SG
zurzidores	zurzidor+A+M+PL
zurzidor	zurzidor+A+M+SG
zurzidos	zurzido+A+M+PL
zurzido	zurzido+A+M+SG
